Registration Number,Operator,Airframe Report Date,Airframe Hours,Airframe Landings,ATA and Code,Tracked By Equipment,Equipment Hours,Equipment Cycles,Equipment Landings,Equipment RIN,Item Type,Requirement Type,Disposition,Group,Description,Reference,Part Number,Serial Number,Work Order,Scheduled,Estimated Work Hours,Notes,Compliance Date,Compliance Hours,Compliance Landings,Compliance Cycles,Compliance RIN,Interval Days,Interval Months,Interval Hours,Interval Landings,Interval Cycles,Interval RIN,Tolerance Months,Tolerance Days,Tolerance Hours,Tolerance Landings,Tolerance Cycles,Tolerance RIN,Next Due Date,Max Next Due Date,Next Due Hours,Max Next Due Hours,Next Due Landings,Max Next Due Landings,Next Due Cycles,Max Next Due Cycles,Next Due RIN,Max Next Due RIN,Remaining Days,Max Remaining Days,Remaining Months,Max Remaining Months,Remaining Hours,Max Remaining Hours ,Remaining Landings,Max Remaining Landings,Remaining Cycles,Max Remaining Cycles,Remaining RIN,Max Remaining RIN,Is Optional,Next Due Status,Aircraft Grounded,Estimated Due Date,Months Since New,Months Since Overhaul,Months Since Repair,Hours Since New,Hours Since Overhaul,Hours Since Repair,Landings Since New,Landings Since Overhaul,Landings Since Repair,Tags,SalesForce Case Number
N581HC,IHC Health Services,12/09/2025,6755.90,6977,,Airframe,6755.90,,6977,,DISCREPANCY,,,,"Found extra play between LH MLG trailing link and trunnion assembly, found damage on trunnion assembly and trailing link assembly upon disassembling.",,,,000025,"Thursday, January 1, 2026",,,,,,,,,,,,,,,,,,,,,,,,,,,,,,,,,,,,,,,,,,No,,Yes,09/11/2025,,,,,,,,,,,
N581HC,IHC Health Services,12/09/2025,6755.90,6977,35 GMM CH 5-7.6,Airframe,6755.90,,6977,,INSPECTION,,,,INSTALLED PORTABLE OXYGEN BOTTLES  7 DAY VERIFICATION OF HYDROSTATIC DATE,GMM,,,000025,"Thursday, January 1, 2026",,"C/W IAW IHC GOM Pg 32.70.01, 2.0 Procedure, Effective 22-01
Bottles checked with stamp 8/22.",09/05/2025,6736.60,6959,,,7,0,,0,0.00,0.00,0,1,,0,0.00,0.00,09/12/2025,,,,,,,,,,-14,,-8,,,,,,,,,,No,Past Due,,09/12/2025,,,,,,,,,,PILOT GOM,
N581HC,IHC Health Services,12/09/2025,6755.90,6977,34 1000,Airframe,6755.90,,6977,,INSPECTION,,,,JEPPVIEW DATA DISK UPDATE,,,,000025,"Thursday, January 1, 2026",,Updated JeppVeiw Database. All Work Completed IAW Manufactures Instructions.,09/02/2025,6736.60,6959,,,0,0,,0,0.00,0.00,,,,,,,09/17/2025,,,,,,,,,,-9,,-8,,,,,,,,,,No,Past Due,,09/17/2025,,,,,,,,,,,
N581HC,IHC Health Services,12/09/2025,6755.90,6977,26 22-00-2100,Airframe,6755.90,,6977,,INSPECTION,,,,CABIN PORTABLE FIRE EXTINGUISHER - MONTHLY INSPECTION,,,,000025,"Thursday, January 1, 2026",,"C/W IAW IHC GOM Pg 32.70.01, 2.0 Procedure, Effective 22-01 (IAW THE REQUIREMENTS GIVEN IN FQA-0145)",08/20/2025,6708.00,6926,,,0,1,,0,0.00,0.00,,,,,,,09/30/2025,,,,,,,,,,-26,,-7,,,,,,,,,,No,Past Due,,09/30/2025,,,,,,,,,,,
N581HC,IHC Health Services,12/09/2025,6755.90,6977,26 22-00-2101,Airframe,6755.90,,6977,,INSPECTION,,,,COCKPIT PORTABLE FIRE EXTINGUISHER - MONTHLY INSPECTION,,,,000025,"Thursday, January 1, 2026",,"C/W IAW IHC GOM Pg 32.70.01, 2.0 Procedure, Effective 22-01 (IAW THE REQUIREMENTS GIVEN IN FQA-0145)",08/20/2025,6708.00,6926,,,0,1,,0,0.00,0.00,,,,,,,09/30/2025,,,,,,,,,,-26,,-7,,,,,,,,,,No,Past Due,,09/30/2025,,,,,,,,,,,
N581HC,IHC Health Services,12/09/2025,6755.90,6977,35 GMM CH 5-7.6.1,Airframe,6755.90,,6977,,INSPECTION,,,,MONTHLY PORTABLE OXYGEN BOTTLE EXCHANGE WITH VENDOR SERVICED UNIT,GMM,,,000025,"Thursday, January 1, 2026",,,08/20/2025,6708.00,6926,,,0,1,,0,0.00,0.00,0,0,,0,0.00,0.00,09/30/2025,,,,,,,,,,-26,,-7,,,,,,,,,,No,Past Due,,09/30/2025,,,,,,,,,,PILOT GOM,
N581HC,IHC Health Services,12/09/2025,6755.90,6977,34 1001,Airframe,6755.90,,6977,,INSPECTION,,,,PROLINE 21 J7 AMERICA AND E-MAPS DATABASE UPDATE,,,,000025,"Thursday, January 1, 2026",,Updated Rockwell Collins FMS Databases. All Work Completed IAW Manufactures Instructions.,09/02/2025,6736.60,6959,,,0,0,,0,0.00,0.00,,,,,,,10/02/2025,,,,,,,,,,-24,,-7,,,,,,,,,,No,Past Due,,10/02/2025,,,,,,,,,,,
N581HC,IHC Health Services,12/09/2025,6755.90,6977,34 GOM,Airframe,6755.90,,6977,,INSPECTION,,FAR 91.171,,VOR  30 DAY CHECK,,,,,,,,09/07/2025,6741.40,6966,,,30,0,,0,0.00,0.00,0,0,,0,0.00,0.00,10/07/2025,,,,,,,,,,-19,,-7,,,,,,,,,,No,Past Due,,10/07/2025,,,,,,,,,,PILOT GOM,
N581HC,IHC Health Services,12/09/2025,6755.90,6977,25 STC SA11158SC.1,Airframe,6755.90,,6977,,INSPECTION,,,,GOGO ADVANCE L3 WIFI 12 MONTH EQUIPMENT AUDIT - IAW ICA DOC  # LP23-CA001,,,,000025,"Thursday, January 1, 2026",,,11/18/2024,6080.70,6224,,,0,12,,0,,,0,0,,0,,,11/18/2025,,,,,,,,,,-8,,-6,,,,,,,,,,No,Past Due,,11/18/2025,,,,,,,,,,ICA,
N581HC,IHC Health Services,12/09/2025,6755.90,6977,05 12-12,Airframe,6755.90,,6977,,INSPECTION,,,,NON-MSG-3 INSPECTION DOCUMENT 12 - LEAD ACID BATTERY FUNCTIONAL CHECK (CAPACITY CHECK),Rev 12.2 04 18 2023,,,000025,"Thursday, January 1, 2026",,,07/30/2025,6665.80,6878,,,0,4,200.00,0,0.00,0.00,2,,30.00,,,,11/30/2025,,6865.80,,,,,,,,-26,,-5,,109.90,,,,,,,,No,Past Due,,11/30/2025,,,,,,,,,,,
N581HC,IHC Health Services,12/09/2025,6755.90,6977,05 3300,Airframe,6755.90,,6977,,INSPECTION,,,,WEIGH AIRCRAFT & UPDATE FLIGHT MANUAL WEIGHT & BALANCE,,,,000025,"Thursday, January 1, 2026",,"WEIGHT AND BALANCE PERFORMED BY DUNCAN AVIATION, PROVO UTAH 11/10/2022",11/10/2022,4507.90,4318,,,0,36,,0,0.00,0.00,0,0,,0,0.00,0.00,11/30/2025,,,,,,,,,,-26,,-5,,,,,,,,,,No,Past Due,,11/30/2025,,,,,,,,,,,
N581HC,IHC Health Services,12/09/2025,6755.90,6977,34 13-00-720,Airframe,6755.90,,6977,,INSPECTION,,,,LEFT PITOT-STATIC SYSTEM FUNCTIONAL CHECK,,,,000025,"Thursday, January 1, 2026",,(SEE MM SECTION 5-13-00 NOTES),12/04/2023,5385.90,5392,,,0,24,,0,0.00,0.00,,,,,,,12/04/2025,,,,,,,,,,-22,,-5,,,,,,,,,,No,Past Due,,12/04/2025,,,,,,,,,,,
N581HC,IHC Health Services,12/09/2025,6755.90,6977,34 13-00-720,Airframe,6755.90,,6977,,INSPECTION,,,,RIGHT PITOT-STATIC SYSTEM FUNCTIONAL CHECK,,,,000025,"Thursday, January 1, 2026",,(SEE MM SECTION 5-13-00 NOTES),12/04/2023,5385.90,5392,,,0,24,,0,0.00,0.00,,,,,,,12/04/2025,,,,,,,,,,-22,,-5,,,,,,,,,,No,Past Due,,12/04/2025,,,,,,,,,,,
N581HC,IHC Health Services,12/09/2025,6755.90,6977,34 13-00-720,Airframe,6755.90,,6977,,INSPECTION,,,,STANDBY PITOT-STATIC SYSTEM FUNCTIONAL CHECK,,,,000025,"Thursday, January 1, 2026",,(SEE MM SECTION 5-13-00 NOTES),12/04/2023,5385.90,5392,,,0,24,,0,0.00,0.00,,,,,,,12/04/2025,,,,,,,,,,-22,,-5,,,,,,,,,,No,Past Due,,12/04/2025,,,,,,,,,,,
N581HC,IHC Health Services,12/09/2025,6755.90,6977,34 51-00-720,Airframe,6755.90,,6977,,INSPECTION,,,,NO. 1 TRANSPONDER  (CALIBRATE) FAR 91.413 - TRANSPONDER SYSTEM FUNCTIONAL CHECK,,,,000025,"Thursday, January 1, 2026",,,12/04/2023,5385.90,5392,,,0,24,,0,0.00,0.00,,,,,,,12/04/2025,,,,,,,,,,-22,,-5,,,,,,,,,,No,Past Due,,12/04/2025,,,,,,,,,,,
N581HC,IHC Health Services,12/09/2025,6755.90,6977,34 51-00-720,Airframe,6755.90,,6977,,INSPECTION,,,,TSS W/TRANSPONDER COMPUTER  TRANSPONDER SYSTEM FUNCTIONAL CHECK,,,,000025,"Thursday, January 1, 2026",,,12/04/2023,5385.90,5392,,,0,24,,0,0.00,0.00,,,,,,,12/04/2025,,,,,,,,,,-22,,-5,,,,,,,,,,No,Past Due,,12/04/2025,,,,,,,,,,,
N581HC,IHC Health Services,12/09/2025,6755.90,6977,34 1001A,Airframe,6755.90,,6977,,INSPECTION,,,,CALIBRATION TEST NO. 1 AIR DATA COMPUTER  (FAR 91.411),,,,000025,"Thursday, January 1, 2026",,,12/04/2023,5385.90,5392,,,0,24,,0,0.00,0.00,,,,,,,12/31/2025,,,,,,,,,,-26,,-4,,,,,,,,,,No,Past Due,,12/31/2025,,,,,,,,,,,
N581HC,IHC Health Services,12/09/2025,6755.90,6977,34 1001A,Airframe,6755.90,,6977,,INSPECTION,,,,CALIBRATION TEST NO. 2 AIR DATA COMPUTER  (FAR 91.411),,,,000025,"Thursday, January 1, 2026",,,12/04/2023,5385.90,5392,,,0,24,,0,0.00,0.00,,,,,,,12/31/2025,,,,,,,,,,-26,,-4,,,,,,,,,,No,Past Due,,12/31/2025,,,,,,,,,,,
N581HC,IHC Health Services,12/09/2025,6755.90,6977,34 1001A,Airframe,6755.90,,6977,,INSPECTION,,,,CALIBRATION TEST STANDBY AIR DATA COMPUTER  (FAR 91.411),,,,000025,"Thursday, January 1, 2026",,,12/04/2023,5385.90,5392,,,0,24,,0,0.00,0.00,,,,,,,12/31/2025,,,,,,,,,,-26,,-4,,,,,,,,,,No,Past Due,,12/31/2025,,,,,,,,,,,
N581HC,IHC Health Services,12/09/2025,6755.90,6977,34 1002,Airframe,6755.90,,6977,,INSPECTION,,,,PROLINE 21 GEOGRAPHICAL WX,,,,000025,"Thursday, January 1, 2026",,,12/26/2024,6175.00,6338,,,0,12,,0,0.00,0.00,0,0,,0,0.00,0.00,12/31/2025,,,,,,,,,,-26,,-4,,,,,,,,,,No,Past Due,,12/31/2025,,,,,,,,,,,
N581HC,IHC Health Services,12/09/2025,6755.90,6977,05 12-32,Airframe,6755.90,,6977,,INSPECTION,,,,NON-MSG-3 INSPECTION DOCUMENT 32,Rev 12.2 04 18 2023,,,000025,"Thursday, January 1, 2026",,,07/01/2025,6615.70,6820,,,0,6,,0,0.00,0.00,2,,,,,,01/01/2026,,,,,,,,,,-25,,-4,,,,,,,,,,No,Past Due,,01/01/2026,,,,,,,,,,Revision B200; Revision CJ4,
N581HC,IHC Health Services,12/09/2025,6755.90,6977,25 STC SA03241CH,Airframe,6755.90,,6977,,INSPECTION,,,,ICA SPECTRUM MEDICAL KIT ANNUAL INSPECTION,,,,000025,"Thursday, January 1, 2026",,,01/02/2025,6197.90,6359,,,0,12,,0,0.00,0.00,0,0,,0,0.00,0.00,01/02/2026,,,,,,,,,,-24,,-4,,,,,,,,,,No,Past Due,,01/02/2026,,,,,,,,,,ICA,
N581HC,IHC Health Services,12/09/2025,6755.90,6977,26 2003,Airframe,6755.90,,6977,,PART,None,,,CABIN PORTABLE FIRE EXTINGUISHER,,Amerex C352,I-54359566,,,,,04/03/2025,6439.50,6635,,,0,0,,0,0.00,0.00,,,,,,,04/01/2026,,,,,,,,,,-25,,-1,,,,,,,,,,No,Past Due,,04/01/2026,0,,,0.00,,,0,,,,
N581HC,IHC Health Services,12/09/2025,6755.90,6977,26 22-00-2200,Airframe,6755.90,,6977,,INSPECTION,,RII,CAB FIRE,CABIN PORTABLE FIRE EXTINGUISHER - ANNUAL DETAILED & WEIGHT FUNCTIONAL CHECK,26-23-00-720,Amerex C352,I-54359566,,,,Amerex Model C352 SN Y-691288Mfg 2014Annual CW 6-24-2016 By Wichita Citation Service Center,04/03/2025,6439.50,6635,,,0,12,,0,0.00,0.00,,,,,,,04/01/2026,,,,,,,,,,-25,,-1,,,,,,,,,,No,Past Due,,04/01/2026,,,,,,,,,,,
N581HC,IHC Health Services,12/09/2025,6755.90,6977,26 22-00-2400,Airframe,6755.90,,6977,,INSPECTION,,RII,CAB FIRE,CABIN PORTABLE FIRE EXTINGUISHER - 12 YEAR HYDROSTATIC TEST FUNCTIONAL CHECK,,Amerex C352,I-54359566,,,,"YOU MAY CONTACT TEXTRON AVIATION PARTS DEPARTMENT (TAPD) FOR ASSISTANCE WITH OBTAINING A REPLACEMENT PORTABLE FIRE EXTINGUISHER BOTTLE AND/OR REFER TO AMEREX MAINTENANCE AND RECHARGE SERVICE MANUAL NO. 05604.
Amerex Model C352 SN Y-691288
Mfg 2014",04/03/2025,6439.50,6635,,,0,144,,0,0.00,0.00,,,,,,,04/01/2026,,,,,,,,,,-25,,-1,,,,,,,,,,No,Past Due,,04/01/2026,,,,,,,,,,,
N581HC,IHC Health Services,12/09/2025,6755.90,6977,52 11-30-2200,Airframe,6755.90,,6977,,INSPECTION,,,,CABIN DOOR SEAL DETAILED INSPECTION,,,,,,,,,,,,,0,12,,0,0.00,0.00,1,0,,0,0.00,0.00,04/01/2026,,,,,,,,,,-25,,-1,,,,,,,,,,No,Past Due,,04/01/2026,,,,,,,,,,,
N581HC,IHC Health Services,12/09/2025,6755.90,6977,25 61-00-220,Airframe,6755.90,,6977,,INSPECTION,,,,EMERGENCY LOCATOR TRANSMITTER DETAILED INSPECTION (14 CFR Part 91.207),,,,,,,NATIONAL REQUIREMENTS MAY EXIST WITH A DIFFERENT INTERVAL.,04/30/2025,6506.30,6700,,,0,12,,0,0.00,0.00,,,,,,,04/30/2026,,,,,,,,,,-26,,0,,,,,,,,,,No,Past Due,,04/30/2026,,,,,,,,,,,
N581HC,IHC Health Services,12/09/2025,6755.90,6977,25 61-00-720,Airframe,6755.90,,6977,,INSPECTION,,,,EMERGENCY LOCATOR TRANSMITTER FUNCTIONAL CHECK (14 CFR Part 91.207),,,,,,,NATIONAL REQUIREMENTS MAY EXIST WITH A DIFFERENT INTERVAL.,04/30/2025,6506.30,6700,,,0,12,,0,0.00,0.00,,,,,,,04/30/2026,,,,,,,,,,-26,,0,,,,,,,,,,No,Past Due,,04/30/2026,,,,,,,,,,,
N581HC,IHC Health Services,12/09/2025,6755.90,6977,23 1006,Airframe,6755.90,,6977,,PART,None,,,NO.1 VHF COMMUNICATION TRANSCEIVER,,,,000025,"Thursday, January 1, 2026",,,09/15/2025,6755.90,6977,,,0,0,,0,0.00,0.00,,,,,,,,,,,,,,,,,,,,,,,,,,,,,No,Past Due,,,,,,,,,,,,,
N681HC,IHC Health Services,05/24/2026,6928.60,4408,34 00001.1,Airframe,6928.60,,4408,,INSPECTION,,,,JEPPVIEW DATA DISK UPDATE,,,,,,,Updated Jepps Nav Data base IAW manufactures instructions,05/14/2026,6926.30,4406,,,0,0,,0,0.00,0.00,0,0,,0,0.00,0.00,05/27/2026,,,,,,,,,,1,,0,,,,,,,,,,No,Coming Due,,05/27/2026,,,,,,,,,,SAFA,
N681HC,IHC Health Services,05/24/2026,6928.60,4408,35 GMM CH 5-7.6,Airframe,6928.60,,4408,,INSPECTION,,,,INSTALLED PORTABLE OXYGEN BOTTLES  7 DAY VERIFICATION OF HYDROSTATIC DATE,GMM,,,,,,IENSPECTED MEDICAL OXYGEN BOTTLE FOR IN SERVICE EXPIRATION DATE AND FOUND TO BE WITHIN TOLERANC,05/20/2026,6926.30,4406,,,7,0,,0,0.00,0.00,0,1,,0,0.00,0.00,05/27/2026,,,,,,,,,,1,,0,,,,,,,,,,No,Coming Due,,05/27/2026,,,,,,,,,,PILOT GOM,
N681HC,IHC Health Services,05/24/2026,6928.60,4408,26 22-00-2100,Airframe,6928.60,,4408,,INSPECTION,None,,CABIN FIRE 1,CABIN PORTABLE FIRE EXTINGUISHER - MONTHLY INSPECTION,GOM,C352,W-790491,,,,"C/W CABIN PORTABLE FIRE EXTINGUISHER - MONTHLY INSPECTION
No defects or damage noted",04/01/2026,6823.40,4369,,,0,1,,0,0.00,0.00,1,,,,,,05/31/2026,,,,,,,,,,5,,0,,,,,,,,,,No,Coming Due,,05/31/2026,,,,,,,,,,SAFA,
N681HC,IHC Health Services,05/24/2026,6928.60,4408,26 22-00-2101,Airframe,6928.60,,4408,,INSPECTION,None,,COCKPIT FIRE,COCKPIT PORTABLE FIRE EXTINGUISHER - MONTHLY INSPECTION,GOM,C352,Y-454156,,,,"C/W COCKPIT PORTABLE FIRE EXTINGUISHER - MONTHLY INSPECTION
No defects or damage noted",04/01/2026,6823.40,4369,,,0,1,,0,0.00,0.00,1,,,,,,05/31/2026,,,,,,,,,,5,,0,,,,,,,,,,No,Coming Due,,05/31/2026,,,,,,,,,,ICA; SAFA,
N681HC,IHC Health Services,05/24/2026,6928.60,4408,26 25-00-9003,Airframe,6928.60,,4408,,INSPECTION,None,,CABIN FIRE 2,CAB FIRE EXTINGUISHER PORTABLE BOTTLE GALL - MONTHLY INSPECTION,GOM,C352,X-413484-AN,,,,,04/01/2026,6823.40,4369,,,0,1,,0,0.00,0.00,1,,,,,,05/31/2026,,,,,,,,,,5,,0,,,,,,,,,,No,Coming Due,,05/31/2026,,,,,,,,,,SAFA,
N681HC,IHC Health Services,05/24/2026,6928.60,4408,35 GMM CH 5-7.6.1,Airframe,6928.60,,4408,,INSPECTION,,,,MONTHLY PORTABLE OXYGEN BOTTLE EXCHANGE WITH VENDOR SERVICED UNIT,GMM,,,,,,,04/27/2026,6861.00,4386,,,0,1,,0,0.00,0.00,0,0,,0,0.00,0.00,05/31/2026,,,,,,,,,,5,,0,,,,,,,,,,No,Coming Due,,05/31/2026,,,,,,,,,,PILOT GOM,
N346CC,IHC Health Services,05/24/2026,2614.70,2045,76,Airframe,2614.70,,2045,,MAINTENANCE,,INSPECT,,DOWNLOAD LH AND RH ENGINE EEC TRENDS AND SEND TO CAMPS,,,,,,,"C/W Engine trend download on RH and LH Engines, Ref: Pratt & Whitney MM Chapt 72-00-01",04/07/2026,2599.10,2021,,,0,1,,0,0.00,0.00,0,14,,0,0.00,0.00,06/01/2026,,,,,,,,,,6,,0,,,,,,,,,,No,Coming Due,,06/01/2026,,,,,,,,,,,
N301HC,IHC Health Services,05/23/2026,4227.10,3484,34 GOM,Airframe,4227.10,,3484,,INSPECTION,,FAR 91.171,,VOR  30 DAY CHECK,,,,,,,,05/08/2026,4199.30,3461,,,30,0,,0,0.00,0.00,0,0,,0,0.00,0.00,06/07/2026,,,,,,,,,,12,,0,,,,,,,,,,No,10+ Days,,06/07/2026,,,,,,,,,,PILOT GOM,
N346CC,IHC Health Services,05/24/2026,2614.70,2045,34,Airframe,2614.70,,2045,,INSPECTION,,,,PROLINE 21 J7 AMERICA AND E-MAPS DATABASE UPDATE,,,,,,,Updated Rockwell Collins J7 Americas and EMaps Database IAW Manufactures Manual,05/20/2026,2612.50,2040,,,0,0,,0,0.00,0.00,0,0,,0,0.00,0.00,06/10/2026,,,,,,,,,,15,,0,,,,,,,,,,No,10+ Days,,06/10/2026,,,,,,,,,,,
N301HC,IHC Health Services,05/23/2026,4227.10,3484,34,Airframe,4227.10,,3484,,INSPECTION,,,,PROLINE 21 J7 AMERICA AND E-MAPS DATABASE UPDATE,,,,,,,Updated Rockwell Collins J7 Americas and EMaps Database IAW Manufactures Manual,05/07/2026,4199.30,3461,,,0,0,,0,0.00,0.00,0,0,,0,0.00,0.00,06/10/2026,,,,,,,,,,15,,0,,,,,,,,,,No,10+ Days,,06/10/2026,,,,,,,,,,,
N681HC,IHC Health Services,05/24/2026,6928.60,4408,34 00001.3,Airframe,6928.60,,4408,,INSPECTION,,,,PROLINE FUSION NAV DATA,,,,,,,Updated Rockwell Collins Nav Data base IAW manufactures instructions,05/14/2026,6926.30,4406,,,0,0,,0,,,0,0,,0,,,06/10/2026,,,,,,,,,,15,,0,,,,,,,,,,No,10+ Days,,06/10/2026,,,,,,,,,,,
N346CC,IHC Health Services,05/24/2026,2614.70,2045,34 1000,Airframe,2614.70,,2045,,INSPECTION,,,,JEPPVIEW DATA DISK UPDATE,,,,,,,Updated Jeppesen Charts Database IAW Manufactures Manual,05/06/2026,2610.40,2033,,,0,0,,0,0.00,0.00,0,0,,0,0.00,0.00,06/10/2026,,,,,,,,,,15,,0,,,,,,,,,,No,10+ Days,,06/10/2026,,,,,,,,,,,
N301HC,IHC Health Services,05/23/2026,4227.10,3484,34 1000,Airframe,4227.10,,3484,,INSPECTION,,,,JEPPVIEW DATA DISK UPDATE,,,,,,,Updated Jeppesen Charts Database IAW Manufactures Manual,05/21/2026,4220.10,3478,,,0,0,,0,0.00,0.00,0,0,,0,0.00,0.00,06/10/2026,,,,,,,,,,15,,0,,,,,,,,,,No,10+ Days,,06/10/2026,,,,,,,,,,,
N346CC,IHC Health Services,05/24/2026,2614.70,2045,34 GOM,Airframe,2614.70,,2045,,INSPECTION,,FAR 91.171,,VOR  30 DAY CHECK,,,,,,,,05/12/2026,2610.40,2038,,,30,0,,0,0.00,0.00,0,0,,0,0.00,0.00,06/11/2026,,,,,,,,,,16,,0,,,,,,,,,,No,10+ Days,,06/11/2026,,,,,,,,,,PILOT GOM,
N301HC,IHC Health Services,05/23/2026,4227.10,3484,76,Airframe,4227.10,,3484,,MAINTENANCE,,INSPECT,,DOWNLOAD LH AND RH ENGINE EEC TRENDS AND SEND TO CAMPS,,,,,,,"C/W Engine trend download on RH and LH Engines, Ref: Pratt & Whitney MM Chapt 72-00-01",05/14/2026,4208.50,3472,,,0,1,,0,0.00,0.00,0,7,,0,0.00,0.00,06/14/2026,,,,,,,,,,19,,0,,,,,,,,,,No,10+ Days,,06/14/2026,,,,,,,,,,,
N681HC,IHC Health Services,05/24/2026,6928.60,4408,24 30-00-202,Airframe,6928.60,,4408,,INSPECTION,None,MRB,,FUNCTIONAL TEST MAIN CONCORDE BATTERY (CAPACITY CHECK),AMM 24-32-01-720-801,RG223,41205401,,,,,12/16/2025,6667.90,4301,,,0,6,,0,0.00,0.00,1,,,,,,06/16/2026,,,,,,,,,,21,,0,,,,,,,,,,No,10+ Days,,06/16/2026,,,,,,,,,,,
N346CC,IHC Health Services,05/24/2026,2614.70,2045,25 60-00-9600,Airframe,2614.70,,2045,,PART,Overhaul,,,LAV LIFE VEST,,P01074-207,16061220006,,,,,06/17/2016,,,,,,120,,,,,1,,,,,,06/17/2026,,,,,,,,,,22,,0,,,,,,,,,,No,10+ Days,,06/17/2026,,0,,,,,,,,,
N301HC,IHC Health Services,05/23/2026,4227.10,3484,05 12-07,Airframe,4227.10,,3484,,INSPECTION,,,,INSPECTION DOCUMENT 7,,,,,,,,03/24/2015,2656.40,2332,,,,,1600.00,,,,,,25.00,,,,,,4256.40,,,,,,,,,,,,29.30,,,,,,,,No,10+ Days,,06/19/2026,,,,,,,,,,,
N581HC,IHC Health Services,12/09/2025,6755.90,6977,05 12-26,Airframe,6755.90,,6977,,INSPECTION,,,,NON-MSG-3 INSPECTION DOCUMENT 26,Rev 12.2 04 18 2023,,,,,,,01/02/2025,6197.90,6359,,,0,0,625.00,0,0.00,0.00,,,30.00,,,,,,6822.90,,,,,,,,,,,,67.00,,,,,,,,No,10+ Days,,06/22/2026,,,,,,,,,,Revision B200; Revision CJ4,
N346CC,IHC Health Services,05/24/2026,2614.70,2045,26 22-00-2100,Airframe,2614.70,,2045,,INSPECTION,Expiration,,,CABIN PORTABLE FIRE EXTINGUISHER - MONTHLY INSPECTION,,,,,,,"Completed Monthly Fire Extinguisher Inspection IAW IHC GMM Chapter 5 Section 4.0  Pages 75.40.2, Form QA-0145 & NFPA 10. No Discrepancies Noted at this time.",05/22/2026,2614.70,2045,,,0,1,,0,0.00,0.00,0,0,,0,0.00,0.00,06/22/2026,,,,,,,,,,27,,0,,,,,,,,,,No,10+ Days,,06/22/2026,,,,,,,,,,,
N346CC,IHC Health Services,05/24/2026,2614.70,2045,26 22-00-2101,Airframe,2614.70,,2045,,INSPECTION,,,,COCKPIT PORTABLE FIRE EXTINGUISHER - MONTHLY INSPECTION,,,,,,,"Completed Monthly Fire Extinguisher Inspection IAW IHC GMM Chapter 5 Section 4.0  Pages 75.40.2, Form QA-0145 & NFPA 10. No Discrepancies Noted at this time.",05/24/2026,2614.70,2045,,,0,1,,0,0.00,0.00,0,0,,0,0.00,0.00,06/22/2026,,,,,,,,,,27,,0,,,,,,,,,,No,10+ Days,,06/22/2026,,,,,,,,,,,
N681HC,IHC Health Services,05/24/2026,6928.60,4408,34 GOM,Airframe,6928.60,,4408,,INSPECTION,,FAR 91.171,,VOR  30 DAY CHECK,,,,,,,,05/23/2026,6926.30,4406,,,30,0,,0,0.00,0.00,0,0,,0,0.00,0.00,06/22/2026,,,,,,,,,,27,,0,,,,,,,,,,No,10+ Days,,06/22/2026,,,,,,,,,,PILOT GOM,
N681HC,IHC Health Services,05/24/2026,6928.60,4408,25 00-MID-10003,Airframe,6928.60,,4408,,INSPECTION,,STLMC,,CHECK ELT BATTERY FOR EXPIRATION DATE,,,,,,,,06/26/2025,6383.10,4179,,,0,12,,0,0.00,0.00,1,0,,0,0.00,0.00,06/26/2026,,,,,,,,,,0,,1,,,,,,,,,,No,10+ Days,,06/26/2026,,,,,,,,,,ICA; SAFA,
N681HC,IHC Health Services,05/24/2026,6928.60,4408,72 20-00-207,Engine 1,6928.60,4408.00,,,INSPECTION,,MRB,,NO. 1 ENGINE - DETAILED INSPECTION ENGINE MASTER CHIP DETECTOR INDICATOR,AMM 79-21-13-220-801,,,,,,,02/25/2026,6786.70,,4352.00,,0,0,200.00,0,0.00,0.00,,,,,,,,,6986.70,,,,,,,,,,,,58.10,,,,,,,,No,10+ Days,,06/29/2026,,,,,,,,,,,
N681HC,IHC Health Services,05/24/2026,6928.60,4408,72 20-00-207,Engine 2,6928.60,4408.00,,,INSPECTION,,MRB,,NO. 2 ENGINE - DETAILED INSPECTION ENGINE MASTER CHIP DETECTOR INDICATOR,AMM 79-21-13-220-801,,,,,,,02/25/2026,6786.70,,4352.00,,0,0,200.00,0,0.00,0.00,,,,,,,,,6986.70,,,,,,,,,,,,58.10,,,,,,,,No,10+ Days,,06/29/2026,,,,,,,,,,,
N681HC,IHC Health Services,05/24/2026,6928.60,4408,SB 604-32-30R1 PART A BASIC,Airframe,6928.60,,4408,,SB,,,,PART A - SPECIAL CHECK-MAIN LANDING GEAR-LUBRICATION AND INSPECTION OF LH/RH MAIN LANDING GEAR (MLG) SHOCK STRUT LOWER PIN 19146-3. COMPLIEN WITH S/B 604-32-30R1 PART A INSPECTION REPEAT INTERVALS OF 200 FLIGHT HOURS OR 12 MONTHS WHICHEVER COMES FIRST,,,,,,,,02/25/2026,6786.70,4352,,,0,12,200.00,0,0.00,0.00,0,0,,0,0.00,0.00,02/25/2027,,6986.70,,,,,,,,30,,8,,58.10,,,,,,,,No,10+ Days,,06/29/2026,,,,,,,,,,,
N681HC,IHC Health Services,05/24/2026,6928.60,4408,AD 2021-20-13 AMD 39-21751,Airframe,6928.60,,4408,,AD,,,,PERFORM LUBRICATION OF MLG STRUT LOWER PIN IAW PARA (g) &  S/B 604-32-30R1 PART A (EFFECTIVE 18 NOVEMBER 2021).,,,,,,,,02/25/2026,6786.70,4352,,,,,200.00,,,,,,,,,,,,6986.70,,,,,,,,,,,,58.10,,,,,,,,No,10+ Days,,06/29/2026,,,,,,,,,,,
N301HC,IHC Health Services,05/23/2026,4227.10,3484,26 22-00-2100,Airframe,4227.10,,3484,,INSPECTION,Expiration,,,CABIN PORTABLE FIRE EXTINGUISHER - MONTHLY INSPECTION,,,,,,,"Completed Monthly Fire Extinguisher Inspection IAW IHC GMM Chapter 5 Section 4.0  Pages 75.40.2, Form QA-0145 & NFPA 10. No Discrepancies Noted at this time.",05/07/2026,4199.30,3461,,,0,1,,0,0.00,0.00,0,0,,0,0.00,0.00,06/30/2026,,,,,,,,,,4,,1,,,,,,,,,,No,10+ Days,,06/30/2026,,,,,,,,,,,
N301HC,IHC Health Services,05/23/2026,4227.10,3484,26 22-00-2101,Airframe,4227.10,,3484,,INSPECTION,,,,COCKPIT PORTABLE FIRE EXTINGUISHER - MONTHLY INSPECTION,,,,,,,"Completed Monthly Fire Extinguisher Inspection IAW IHC GMM Chapter 5 Section 4.0  Pages 75.40.2, Form QA-0145 & NFPA 10. No Discrepancies Noted at this time.",05/07/2026,4199.30,3461,,,0,1,,0,0.00,0.00,0,0,,0,0.00,0.00,06/30/2026,,,,,,,,,,4,,1,,,,,,,,,,No,10+ Days,,06/30/2026,,,,,,,,,,,
N681HC,IHC Health Services,05/24/2026,6928.60,4408,26 25-00-9066,Airframe,6928.60,,4408,,INSPECTION,None,,CABIN FIRE 2,CAB FIRE EXTINGUISHER PORTABLE BOTTLE GALL -MID HYDRO,GOM,C352,X-413484-AN,,,,,08/12/2025,6470.50,4222,,,0,72,,0,0.00,0.00,1,,,,,,06/30/2026,,,,,,,,,,4,,1,,,,,,,,,,No,10+ Days,,06/30/2026,,,,,,,,,,ICA; SAFA,
N581HC,IHC Health Services,12/09/2025,6755.90,6977,05 12-07,Airframe,6755.90,,6977,,INSPECTION,,,,NON-MSG-3 INSPECTION DOCUMENT 07,Rev 12.2 04 18 2023,,,,,,,07/01/2025,6615.70,6820,,,0,12,400.00,0,0.00,0.00,2,,30.00,,,,07/01/2026,,7015.70,,,,,,,,5,,1,,259.80,,,,,,,,No,10+ Days,,07/01/2026,,,,,,,,,,Revision B200; Revision CJ4,
N681HC,IHC Health Services,05/24/2026,6928.60,4408,35 10-00-9051,Airframe,6928.60,,4408,,INSPECTION,None,STLMC,PORT OXY,OXYGEN PORTABLE BOTTLE - FUNCTIONAL (HYDROSTATIC) TEST,,5600-9C1A-Y0N,738542P,,,,,12/27/2021,4741.52,3234,,,0,60,,0,0.00,0.00,1,,,,,,07/01/2026,,,,,,,,,,5,,1,,,,,,,,,,No,10+ Days,,07/01/2026,,,,,,,,,,ICA; SAFA,00251755
N301HC,IHC Health Services,05/23/2026,4227.10,3484,04 12-MV,Airframe,4227.10,,3484,,INSPECTION,,AIRWORTHINESS,,INSPECTION DOCUMENT MV,,,,,,,,07/03/2024,,,,,0,24,,0,0.00,0.00,0,0,,0,0.00,0.00,07/03/2026,,,,,,,,,,7,,1,,,,,,,,,,No,10+ Days,,07/03/2026,,,,,,,,,,,
N301HC,IHC Health Services,05/23/2026,4227.10,3484,26 21-00-2200,Airframe,4227.10,,3484,,INSPECTION,,AIRWORTHINESS,4-12-MV,ENGINE FIRE EXTINGUISHER WIRING DETAILED INSPECTION,,,,,,,,07/03/2024,,,,,0,24,,0,0.00,0.00,0,0,,0,0.00,0.00,07/03/2026,,,,,,,,,,7,,1,,,,,,,,,,No,10+ Days,,07/03/2026,,,,,,,,,,,
N301HC,IHC Health Services,05/23/2026,4227.10,3484,26 23-00-2200,Airframe,4227.10,,3484,,INSPECTION,,AIRWORTHINESS,4-12-MV,AUXILIARY POWER UNIT FIRE EXTINGUISHER WIRING DETAILED INSPECTION,,,,,,,,07/03/2024,,,,,0,24,,0,,,0,0,,0,,,07/03/2026,,,,,,,,,,7,,1,,,,,,,,,,No,10+ Days,,07/03/2026,,,,,,,,,,,
N681HC,IHC Health Services,05/24/2026,6928.60,4408,52 10-00-202,Airframe,6928.60,,4408,,INSPECTION,,MRB,,LUBRICATION OF THE PASSENGER DOOR (EXTERNAL).,AMM 12-20-04-640-807,,,,,,,10/23/2025,6594.90,4265,,,0,0,400.00,0,0.00,0.00,,,40.00,,,,,,6994.90,,,,,,,,,,,,66.30,,,,,,,,No,10+ Days,,07/03/2026,,,,,,,,,,,
N681HC,IHC Health Services,05/24/2026,6928.60,4408,25 00-MID-9548,Airframe,6928.60,,4408,,INSPECTION,None,STLMC,PBE,"PBE-INSPECT FOR CRACKS, DENTS DISTORSION, HUMIDITY AND SEAL",,802300-14,E24091048,,,,,04/06/2026,6824.60,4371,,,0,3,,0,0.00,0.00,1,,,,,,07/06/2026,,,,,,,,,,10,,1,,,,,,,,,,No,10+ Days,,07/06/2026,,,,,,,,,,ICA,
N681HC,IHC Health Services,05/24/2026,6928.60,4408,25 00-MID-9565,Airframe,6928.60,,4408,,INSPECTION,None,STLMC,SMOKE HOOD,SMOKE HOODS - INSPECT CASE FOR CRACK/DENT/DISTORT/SEALED BAG,,38.00015,085,,,,EXPIRES 2/2029,04/06/2026,6824.60,4371,,,0,3,,0,0.00,0.00,1,,,,,,07/06/2026,,,,,,,,,,10,,1,,,,,,,,,,No,10+ Days,,07/06/2026,,,,,,,,,,ICA; SAFA,
N681HC,IHC Health Services,05/24/2026,6928.60,4408,35 35-23-50-601,Airframe,6928.60,,4408,,INSPECTION,,STLMC,,EMS OXYGEN SYSTEM- FUNCTIONAL CHECK OF SYSTEM,ICA BAS63050087,,,,,,,02/18/2025,6199.90,4092,,,0,24,800.00,,,,0,0,,0,,,02/18/2027,,6999.90,,,,,,,,23,,8,,71.30,,,,,,,,No,10+ Days,,07/06/2026,,,,,,,,,,ICA; SAFA,
N681HC,IHC Health Services,05/24/2026,6928.60,4408,35 35-23-50-604,Airframe,6928.60,,4408,,INSPECTION,,STLMC,EMS OXYGEN,EMS OXYGEN SYSTEM LEAK TEST AND PRESSURE DROP OF SYSTEM,ICA BAS63050087,,,,,,,02/18/2025,6199.90,4092,,,0,24,800.00,,,,0,0,,0,,,02/18/2027,,6999.90,,,,,,,,23,,8,,71.30,,,,,,,,No,10+ Days,,07/06/2026,,,,,,,,,,ICA; SAFA,
N681HC,IHC Health Services,05/24/2026,6928.60,4408,26 00-MID-9077,Airframe,6928.60,,4408,,INSPECTION,,STLMC,,SMOKE DETECTOR - TEST FOR AN AUDIBLE ALARM LOCAL & IN CKPT,,,,,,,,10/28/2025,6602.40,4271,,,0,0,400.00,0,0.00,0.00,,,40.00,,,,,,7002.40,,,,,,,,,,,,73.80,,,,,,,,No,10+ Days,,07/08/2026,,,,,,,,,,ICA; SAFA,
N681HC,IHC Health Services,05/24/2026,6928.60,4408,27 60-00-201,Airframe,6928.60,,4408,,INSPECTION,,RII,,LUBRICATION OF THE FLIGHT SPOILER FLEXSHAFT & CONTROL CABLE ENDS,AMM 12-20-04-640-818,,,,,,,10/28/2025,6602.40,4271,,,0,0,400.00,0,0.00,0.00,,,40.00,,,,,,7002.40,,,,,,,,,,,,73.80,,,,,,,,No,10+ Days,,07/08/2026,,,,,,,,,,RII,
N346CC,IHC Health Services,05/24/2026,2614.70,2045,34 52-00-7100,Airframe,2614.70,,2045,,INSPECTION,,,,CATEGORY II COMPONENT FUNCTIONAL CHECK (AIRPLANES -6001 THRU - 6500),,,,,,,,04/09/2026,2602.50,2025,,,,3,,,,,,,,,,,07/09/2026,,,,,,,,,,13,,1,,,,,,,,,,No,10+ Days,,07/09/2026,,,,,,,,,,,
N301HC,IHC Health Services,05/23/2026,4227.10,3484,34 52-00-7100,Airframe,4227.10,,3484,,INSPECTION,,,,CATEGORY II COMPONENT FUNCTIONAL CHECK (AIRPLANES -6001 THRU - 6500),,,,,,,,04/14/2026,4191.10,3455,,,,3,,,,,,,,,,,07/14/2026,,,,,,,,,,18,,1,,,,,,,,,,No,10+ Days,,07/14/2026,,,,,,,,,,,
N681HC,IHC Health Services,05/24/2026,6928.60,4408,AD 2021-20-13.1 AMD 39-21751,Airframe,6928.60,,4408,,AD,,,,PERFORM DVI OF MLG STRUT LOWER PIN IAW PARA (g) &  S/B 604-32-30R1 PART B (EFFECTIVE 18 NOVEMBER 2021).,,,,,,,,11/04/2025,6615.30,4277,,,,,400.00,,,,,,,,,,,,7015.30,,,,,,,,,,,,86.70,,,,,,,,No,10+ Days,,07/15/2026,,,,,,,,,,,
N681HC,IHC Health Services,05/24/2026,6928.60,4408,27 21-00-101,Airframe,6928.60,,4408,,INSPECTION,,CMR,,FUNCTIONAL TEST RUDDER BACKLASH,AMM 27-21-00-720-805,,,,,,,02/27/2025,6215.50,4105,,,0,0,800.00,0,0.00,0.00,,,,,,,,,7015.50,,,,,,,,,,,,86.90,,,,,,,,No,10+ Days,,07/15/2026,,,,,,,,,,,
N681HC,IHC Health Services,05/24/2026,6928.60,4408,27 33-01-101,Airframe,6928.60,,4408,,INSPECTION,,CMR,,FUNCTIONAL TEST ELEVATOR BACKLASH,AMM 27-31-00-720-805,,,,,,,02/27/2025,6215.50,4105,,,0,0,800.00,0,0.00,0.00,,,,,,,,,7015.50,,,,,,,,,,,,86.90,,,,,,,,No,10+ Days,,07/15/2026,,,,,,,,,,,
N581HC,IHC Health Services,12/09/2025,6755.90,6977,04 12-MM,Airframe,6755.90,,6977,,INSPECTION,,AIRWORTHINESS,,INSPECTION DOCUMENT MM,Rev 12.2 04 18 2023,,,,,,,07/16/2025,6639.60,6848,,,0,12,330.00,0,0.00,0.00,,,,,,,07/16/2026,,6969.60,,,,,,,,20,,1,,213.70,,,,,,,,No,10+ Days,,07/16/2026,,,,,,,,,,Revision B200; Revision CJ4,
N581HC,IHC Health Services,12/09/2025,6755.90,6977,76 15-00-7100,Airframe,6755.90,,6977,,INSPECTION,,,DOC MM,TIME LIMITED DISPATCH OPERATIONAL CHECK - TASK 76-15-00-7100 (INSPECTION DOCUMENT MM),Rev 12.2 04 18 2023,,,,,,MM REV 9 UPDATED CODE FROM B761501 TO 76-15-00-7100,07/16/2025,6639.60,6848,,,0,12,330.00,0,0.00,0.00,,,,,,,07/16/2026,,6969.60,,,,,,,,20,,1,,213.70,,,,,,,,No,10+ Days,,07/16/2026,,,,,,,,,,,
N581HC,IHC Health Services,12/09/2025,6755.90,6977,04 12-MK,Airframe,6755.90,,6977,,INSPECTION,,AIRWORTHINESS,,INSPECTION DOCUMENT MK,Rev 12.2 04 18 2023,,,,,,,04/24/2025,6495.80,6687,,,0,0,400.00,0,0.00,0.00,,,,,,,,,6895.80,,,,,,,,,,,,139.90,,,,,,,,No,10+ Days,,07/21/2026,,,,,,,,,,Revision B200; Revision CJ4,
N581HC,IHC Health Services,12/09/2025,6755.90,6977,27 35-00-7100,Airframe,6755.90,,6977,,INSPECTION,,,DOC MK,ELEVATOR PITCH TRIM OPERATIONAL CHECK - TASK 27-35-00-7100 (INSPECTION DOCUMENT MK),Rev 12.2 04 18 2023,,,,,,MM REV 9 UPDATES CODE FROM B273503 TO 27-35-00-7100,04/24/2025,6495.80,6687,,,0,0,400.00,0,0.00,0.00,,,,,,,,,6895.80,,,,,,,,,,,,139.90,,,,,,,,No,10+ Days,,07/21/2026,,,,,,,,,,,
N581HC,IHC Health Services,12/09/2025,6755.90,6977,27 65-00-7100,Airframe,6755.90,,6977,,INSPECTION,,,DOC MK,GROUND SPOILER SYSTEM OPERATIONAL CHECK - TASK 27-65-00-7100 (INSPECTION DOCUMENT MK),Rev 12.2 04 18 2023,,,,,,MM REV 9 UPDATES CODE FROM B276501 TO 27-65-00-7100,04/24/2025,6495.80,6687,,,0,0,400.00,0,0.00,0.00,,,,,,,,,6895.80,,,,,,,,,,,,139.90,,,,,,,,No,10+ Days,,07/21/2026,,,,,,,,,,,
N581HC,IHC Health Services,12/09/2025,6755.90,6977,28 21-40-7100,Airframe,6755.90,,6977,,INSPECTION,,,DOC MK,ENGINE FIREWALL SHUTOFF VALVES MOTOR ACTUATOR OPERATIONAL CHECK - TASK 28-21-40-7100 (INSPECTION DOCUMENT MK),Rev 12.2 04 18 2023,,,,,,MM REV 9 UPDATED CODE FROM B282141 TO 28-21-40-7100,04/24/2025,6495.80,6687,,,0,0,400.00,0,0.00,0.00,,,,,,,,,6895.80,,,,,,,,,,,,139.90,,,,,,,,No,10+ Days,,07/21/2026,,,,,,,,,,,
N581HC,IHC Health Services,12/09/2025,6755.90,6977,32 00-00-7200,Airframe,6755.90,,6977,,INSPECTION,,,DOC MK,LANDING GEAR SYSTEM FUNCTIONAL CHECK - TASK 32-00-00-7200 (INSPECTION DOCUMENT MK),Rev 12.2 04 18 2023,,,,,,MM REV 9 UPDATED CODE FORM B320001 TO 32-00-00-7200,04/24/2025,6495.80,6687,,,0,0,400.00,0,0.00,0.00,,,,,,,,,6895.80,,,,,,,,,,,,139.90,,,,,,,,No,10+ Days,,07/21/2026,,,,,,,,,,,
N681HC,IHC Health Services,05/24/2026,6928.60,4408,25 00-MID-9296,Airframe,6928.60,,4408,,INSPECTION,,STLMC,,"AFT EQUIP BAY-CHK ENGAGE OF LATCHES,STRAPS & BUCKLES",,,,,,,"Complied with by Bombardier Tucson, Ref W/O 249645",01/23/2026,6724.40,4326,,,0,6,,0,0.00,0.00,1,,,,,,07/23/2026,,,,,,,,,,27,,1,,,,,,,,,,No,10+ Days,,07/23/2026,,,,,,,,,,ICA,
N681HC,IHC Health Services,05/24/2026,6928.60,4408,26 00-MID-9059,Airframe,6928.60,,4408,,INSPECTION,None,STLMC,AUTO FIRE,"AUTOMATIC FIREX, INSP DAMAGE, ABRASION, KINKED DISCHARG TUBE",,M30100022-3,00015,,,,"Complied with by Bombardier Tucson, Ref W/O 249645",01/23/2026,6724.40,4326,,,0,6,,0,0.00,0.00,1,,,,,,07/23/2026,,,,,,,,,,27,,1,,,,,,,,,,No,10+ Days,,07/23/2026,,,,,,,,,,ICA,
N681HC,IHC Health Services,05/24/2026,6928.60,4408,52 45-00-301,Airframe,6928.60,,4408,,INSPECTION,,MPD 3.2,,LUBRICATION OF THE SERVICE DOOR LOCKS,AMM 12-20-04-640-837,,,,,,"Complied with by Bombardier Tucson, Ref W/O 249645",01/23/2026,6724.40,4326,,,0,6,,0,0.00,0.00,1,,,,,,07/23/2026,,,,,,,,,,27,,1,,,,,,,,,,No,10+ Days,,07/23/2026,,,,,,,,,,,
N301HC,IHC Health Services,05/23/2026,4227.10,3484,05 12-19,Airframe,4227.10,,3484,,INSPECTION,,,,INSPECTION DOCUMENT 19,,,,,,,300 HOUR RECURRING INTERVAL,01/31/2025,3899.20,3220,,,,,400.00,,,,,,25.00,,,,,,4299.20,,,,,,,,,,,,72.10,,,,,,,,No,10+ Days,,07/23/2026,,,,,,,,,,,
N581HC,IHC Health Services,12/09/2025,6755.90,6977,05 2002,Engine 1,6518.80,6576.00,,,INSPECTION,,,,NO. 1 ENGINE - FJ44 CHECK 2,"Issue No. 043, Jan 15/2024",,,,,,,02/12/2025,6066.70,,6084.00,,0,0,600.00,0,0.00,0.00,,,30.00,,,,,,6666.70,,,,,,,,,,,,147.90,,,,,,,,No,10+ Days,,07/25/2026,,,,,,,,,,FJ44 CHECK 2; Rev Williams,
N581HC,IHC Health Services,12/09/2025,6755.90,6977,05 2002,Engine 2,6518.80,6576.00,,,INSPECTION,,,,NO. 2 ENGINE - FJ44 CHECK 2,"Issue No. 043, Jan 15/2024",,,,,,,02/12/2025,6066.70,,6084.00,,0,0,600.00,0,0.00,0.00,,,30.00,,,,,,6666.70,,,,,,,,,,,,147.90,,,,,,,,No,10+ Days,,07/25/2026,,,,,,,,,,Rev Williams,
N581HC,IHC Health Services,12/09/2025,6755.90,6977,80 11-10-960,Airframe,6755.90,,6977,,PART,Overhaul,RII,,LEFT STARTER-GENERATOR RESTORATION (OVERHAUL),,9912733-3,123B,,,,,08/14/2024,5906.00,6003,,,0,0,1000.00,0,0.00,0.00,,,,,,,,,6906.00,,,,,,,,,,,,150.10,,,,,,,,No,10+ Days,,07/25/2026,,,,,0.00,,,,,RII,
N581HC,IHC Health Services,12/09/2025,6755.90,6977,80 11-10-960,Airframe,6755.90,,6977,,PART,Overhaul,RII,,RIGHT STARTER-GENERATOR RESTORATION (OVERHAUL),,9912733-3,0377B,,,,,08/14/2024,5906.00,6003,,,0,0,1000.00,0,0.00,0.00,,,,,,,,,6906.00,,,,,,,,,,,,150.10,,,,,,,,No,10+ Days,,07/25/2026,,,,,0.00,,,,,RII,
N581HC,IHC Health Services,12/09/2025,6755.90,6977,05 12-11,Airframe,6755.90,,6977,,INSPECTION,,,,NON-MSG-3 INSPECTION DOCUMENT 11,Rev 12.2 04 18 2023,,,,,,,04/30/2025,6506.30,6700,,,0,0,400.00,0,0.00,0.00,,,30.00,,,,,,6906.30,,,,,,,,,,,,150.40,,,,,,,,No,10+ Days,,07/26/2026,,,,,,,,,,Revision B200; Revision CJ4,
N581HC,IHC Health Services,12/09/2025,6755.90,6977,05 2001,Engine 1,6518.80,6576.00,,,INSPECTION,,,,NO. 1 ENGINE - FJ44 CHECK 1,"Issue No. 043, Jan 15/2024",,,,,,,06/30/2025,6377.10,,6419.00,,0,0,300.00,0,0.00,0.00,,,30.00,,,,,,6677.10,,,,,,,,,,,,158.30,,,,,,,,No,10+ Days,,07/29/2026,,,,,,,,,,,
N581HC,IHC Health Services,12/09/2025,6755.90,6977,05 2001,Engine 2,6518.80,6576.00,,,INSPECTION,,,,NO. 2 ENGINE - FJ44 CHECK 1,"Issue No. 043, Jan 15/2024",,,,,,,06/30/2025,6377.10,,6419.00,,0,0,300.00,0,0.00,0.00,,,30.00,,,,,,6677.10,,,,,,,,,,,,158.30,,,,,,,,No,10+ Days,,07/29/2026,,,,,,,,,,FJ44 CHECK 1; Rev Williams,
N581HC,IHC Health Services,12/09/2025,6755.90,6977,05 12-31,Airframe,6755.90,,6977,,INSPECTION,,,,NON-MSG-3 INSPECTION DOCUMENT 31,Rev 12.2 04 18 2023,,,,,,,07/01/2025,6615.70,6820,,,0,24,300.00,0,0.00,0.00,2,,30.00,,,,07/01/2027,,6915.70,,,,,,,,5,,13,,159.80,,,,,,,,No,10+ Days,,07/29/2026,,,,,,,,,,Revision B200; Revision CJ4,
N581HC,IHC Health Services,12/09/2025,6755.90,6977,26 2003,Airframe,6755.90,,6977,,PART,None,,,COCKPIT PORTABLE FIRE EXTINGUISHER,,A352,V-461553,,,,,07/30/2025,6665.80,6878,,,0,0,,0,0.00,0.00,,,,,,,07/30/2026,,,,,,,,,,4,,2,,,,,,,,,,No,10+ Days,,07/30/2026,,,,,,,,,,,
N581HC,IHC Health Services,12/09/2025,6755.90,6977,26 22-00-2201,Airframe,6755.90,,6977,,INSPECTION,,RII,CKPT FIRE,COCKPIT PORTABLE FIRE EXTINGUISHER - ANNUAL DETAILED & WEIGHT FUNCTIONAL CHECK,26-23-00-720,A352,V-461553,,,,Amerex Model C352 SN Y-691291Mfg 2014Annual CW 6-24-2016 By Wichita Citation Service Center,07/30/2025,6665.80,6878,,,0,12,,0,0.00,0.00,,,,,,,07/30/2026,,,,,,,,,,4,,2,,,,,,,,,,No,10+ Days,,07/30/2026,,,,,,,,,,,
N301HC,IHC Health Services,05/23/2026,4227.10,3484,26 21-01-9602,Airframe,4227.10,,3484,,PART,Life Limited,,,NO. 1 ENGINE FIRE EXTINGUISHER CARTRIDGE SQUIB - BOTTLE 2,,13083-5,UNKNOWN,,,,"APPLIES TO P/N AE13083-5.
THE SERVICE LIFE OF THE CARTRIDGE IS 96 MONTHS. THE TOTAL LIFE OF THE CARTRIDGE INCLUDING SHELF LIFE IS 120 MONTHS.
REF: Status Report
Model: 560XLS+CITATION XLS+ (MSG) Serial: 560XL-6019 Reg No: N299DB HRS: 3899.2 AFL: 3220
As Of: 31-Jan-2025",,,,,,,96,,,,,1,,,,,,07/31/2026,,,,,,,,,,5,,2,,,,,,,,,,No,10+ Days,,07/31/2026,,,,,,,,,,,
N681HC,IHC Health Services,05/24/2026,6928.60,4408,28 20-00-201,APU,3710.60,10734.00,,,INSPECTION,,RII,,APU - DISCARD FUEL-FEED LINE FILTER OF THE APU,AMM 28-24-16-000-801,,,,,,,12/14/2023,2776.70,,9457.00,,0,0,1000.00,0,0.00,0.00,,,40.00,,,,,,3776.70,,,,,,,,,,,,66.10,,,,,,,,No,10+ Days,,07/31/2026,,,,,,,,,,RII,
N581HC,IHC Health Services,12/09/2025,6755.90,6977,35 11-10-960,Airframe,6755.90,,6977,,PART,Life Limited,RII,,CREW OXYGEN BOTTLE ASSEMBLY DISCARD,,4441073-050,460303102,,,,"Manufacture Date: 01-Aug-2011

YOU MAY CONTACT TEXTRON AVIATION PARTS DEPARTMENT (TAPD) FOR ASSISTANCE WITH OBTAINING A PROPERLY RESTORED OXYGEN BOTTLE ASSEMBLY AND OR REFER TO B/E AEROSPACE 35-00-02 OXYGEN BOTTLE COMPONENT MAINTENANCE MANUAL.
(SEE MM SECTION 5-13-00 NOTES 1 AND 2)",03/31/2022,4089.80,3868,,,0,180,,0,0.00,0.00,,,,,,,08/01/2026,,,,,,,,,,6,,2,,,,,,,,,,No,10+ Days,,08/01/2026,127,,,,,,,,,RII,
N681HC,IHC Health Services,05/24/2026,6928.60,4408,11 00-MID-9006,Airframe,6928.60,,4408,,INSPECTION,,STLMC,,INTERIOR PLACARDS - VISUAL CHECK,,,,,,,"Complied with by Bombardier Tucson, Ref W/O 249645",08/12/2025,6470.50,4222,,,0,12,,0,0.00,0.00,1,,,,,,08/12/2026,,,,,,,,,,17,,2,,,,,,,,,,No,10+ Days,,08/12/2026,,,,,,,,,,ICA,
N681HC,IHC Health Services,05/24/2026,6928.60,4408,11 11-30-50-601,Airframe,6928.60,,4408,,INSPECTION,,STLMC,,GENERAL VISUAL OF CABIN PLACARDS INTERNAL REF ICA MISC ITEMS,,,,,,,"Complied with by Bombardier Tucson, Ref W/O 249645",08/12/2025,6470.50,4222,,,0,12,,0,,,1,,,,,,08/12/2026,,,,,,,,,,17,,2,,,,,,,,,,No,10+ Days,,08/12/2026,,,,,,,,,,,
N681HC,IHC Health Services,05/24/2026,6928.60,4408,11 11-30-60-601,Airframe,6928.60,,4408,,INSPECTION,,STLMC,,EMS OXYGEN SYSTEM- GVI OF PLACARDS,ICA BAS63050087,,,,,,,08/12/2025,6470.50,4222,,,0,12,,,,,0,0,,0,,,08/12/2026,,,,,,,,,,17,,2,,,,,,,,,,No,10+ Days,,08/12/2026,,,,,,,,,,ICA; SAFA,
N681HC,IHC Health Services,05/24/2026,6928.60,4408,25 00-01,Airframe,6928.60,,4408,,INSPECTION,,STLMC,,"FIRST AID KITS - VISUALLY INSPECT CONDITIONS AND SECURITY OF MOUNTINGS, INVENTORY CONTENT AND REPLACE ANY MISSING ITEMS",,,,,,,,08/12/2025,6470.50,4222,,,0,12,,0,0.00,0.00,1,0,,0,0.00,0.00,08/12/2026,,,,,,,,,,17,,2,,,,,,,,,,No,10+ Days,,08/12/2026,,,,,,,,,,ICA; SAFA,
N681HC,IHC Health Services,05/24/2026,6928.60,4408,25 00-MID-9397,Airframe,6928.60,,4408,,INSPECTION,,STLMC,,CABIN DOORS & CURTAINS - CHK OPERATION AND FOR WEAR,,,,,,,"Complied with by Bombardier Tucson, Ref W/O 249645",08/12/2025,6470.50,4222,,,0,12,,0,0.00,0.00,1,,,,,,08/12/2026,,,,,,,,,,17,,2,,,,,,,,,,No,10+ Days,,08/12/2026,,,,,,,,,,ICA,
N681HC,IHC Health Services,05/24/2026,6928.60,4408,25 00-MID-9400,Airframe,6928.60,,4408,,INSPECTION,,STLMC,,INTERIOR DRAWER & DOOR LATCHES INSPECT LATCH SPEARS FOR WEAR,,,,,,,,08/12/2025,6470.50,4222,,,0,12,,0,0.00,0.00,1,,,,,,08/12/2026,,,,,,,,,,17,,2,,,,,,,,,,No,10+ Days,,08/12/2026,,,,,,,,,,ICA,
N681HC,IHC Health Services,05/24/2026,6928.60,4408,25 00-MID-9405,Airframe,6928.60,,4408,,INSPECTION,,STLMC,,"CHECK PAX SEAT TRACK FWD, AFT AND SIDEWAYS, ROTATE & RECLINE",,,,,,,,08/12/2025,6470.50,4222,,,0,12,,0,0.00,0.00,1,,,,,,08/12/2026,,,,,,,,,,17,,2,,,,,,,,,,No,10+ Days,,08/12/2026,,,,,,,,,,ICA,
N681HC,IHC Health Services,05/24/2026,6928.60,4408,25 00-MID-9406,Airframe,6928.60,,4408,,INSPECTION,,STLMC,,CHECK SEAT TRACK ATTACHING HARDWARE FOR CORR/WEAR/DAMAGE,,,,,,,,08/12/2025,6470.50,4222,,,0,12,,0,0.00,0.00,1,,,,,,08/12/2026,,,,,,,,,,17,,2,,,,,,,,,,No,10+ Days,,08/12/2026,,,,,,,,,,ICA,
N681HC,IHC Health Services,05/24/2026,6928.60,4408,25 00-MID-9408,Airframe,6928.60,,4408,,INSPECTION,,STLMC,,"CABIN TABLES - CHECK OPERATION CORROSION, WEAR AND DAMAGE",,,,,,,,08/12/2025,6470.50,4222,,,0,12,,0,0.00,0.00,1,,,,,,08/12/2026,,,,,,,,,,17,,2,,,,,,,,,,No,10+ Days,,08/12/2026,,,,,,,,,,ICA,
N681HC,IHC Health Services,05/24/2026,6928.60,4408,25 00-MID-9514,Airframe,6928.60,,4408,,INSPECTION,,STLMC,,GALLEY- VISUALLY INSPECT GENERAL CONDITION & SECURITY,,,,,,,,08/12/2025,6470.50,4222,,,0,12,,0,0.00,0.00,1,,,,,,08/12/2026,,,,,,,,,,17,,2,,,,,,,,,,No,10+ Days,,08/12/2026,,,,,,,,,,ICA,
N681HC,IHC Health Services,05/24/2026,6928.60,4408,25 00-MID-9550,Airframe,6928.60,,4408,,INSPECTION,,STLMC,,SEAT BELTS - INSPECT PER REFERENCE,,,,,,,,08/12/2025,6470.50,4222,,,0,12,,0,0.00,0.00,1,,,,,,08/12/2026,,,,,,,,,,17,,2,,,,,,,,,,No,10+ Days,,08/12/2026,,,,,,,,,,ICA; SAFA,
N681HC,IHC Health Services,05/24/2026,6928.60,4408,25 00-MID-9551,Airframe,6928.60,,4408,,INSPECTION,,STLMC,,DIVAN - INSPECT PER REFERENCE,,,,,,,,08/12/2025,6470.50,4222,,,0,12,,0,0.00,0.00,1,,,,,,08/12/2026,,,,,,,,,,17,,2,,,,,,,,,,No,10+ Days,,08/12/2026,,,,,,,,,,ICA,
N681HC,IHC Health Services,05/24/2026,6928.60,4408,25 60-00-601,Airframe,6928.60,,4408,,INSPECTION,,STLMC,,INSPECT DETAILED OF LIFE VESTS EXPIRATION DATE,,,,,,,,08/12/2025,6470.50,4222,,,0,12,,0,0.00,0.00,1,,,,,,08/12/2026,,,,,,,,,,17,,2,,,,,,,,,,No,10+ Days,,08/12/2026,,,,,,,,,,ICA; SAFA,
N681HC,IHC Health Services,05/24/2026,6928.60,4408,25 60-00-603,Airframe,6928.60,,4408,,INSPECTION,,STLMC,#1 Life Raft,NO. 1 LIFE RAFT DETAILED INSPECTION OF EXPIRATION DATE,,,,,,,,08/12/2025,6470.50,4222,,,0,12,,0,0.00,0.00,1,,,,,,08/12/2026,,,,,,,,,,17,,2,,,,,,,,,,No,10+ Days,,08/12/2026,,,,,,,,,,ICA; SAFA,
N681HC,IHC Health Services,05/24/2026,6928.60,4408,26 00-MID-9078,Airframe,6928.60,,4408,,INSPECTION,,STLMC,,PORTABLE FIRE EXTINGUISHER MOUNTING BRACKETS - VISUAL CHK,,,,,,,,08/12/2025,6470.50,4222,,,0,12,,0,0.00,0.00,1,,,,,,08/12/2026,,,,,,,,,,17,,2,,,,,,,,,,No,10+ Days,,08/12/2026,,,,,,,,,,ICA,
N681HC,IHC Health Services,05/24/2026,6928.60,4408,33 00-MID-9038,Airframe,6928.60,,4408,,INSPECTION,,STLMC,,EMERGENCY-LIGHTING POWER SUPP TEST PER SUPP MAINT MANUAL,,,,,,,"Complied with by Bombardier Tucson, Ref W/O 249645 Dated 9/3/2020.",02/12/2026,6769.50,4346,,,0,6,,0,0.00,0.00,1,,,,,,08/12/2026,,,,,,,,,,17,,2,,,,,,,,,,No,10+ Days,,08/12/2026,,,,,,,,,,ICA,
N681HC,IHC Health Services,05/24/2026,6928.60,4408,24 00-00-301,Airframe,6928.60,,4408,,INSPECTION,,MPD 3.2,,OPERATIONAL TEST (CYCLING) OF THE THERMAL CIRCUIT BREAKERS,AMM 24-00-00-710-801,,,,,,,08/13/2025,6470.50,4222,,,0,12,,0,0.00,0.00,1,,,,,,08/13/2026,,,,,,,,,,18,,2,,,,,,,,,,No,10+ Days,,08/13/2026,,,,,,,,,,,
N681HC,IHC Health Services,05/24/2026,6928.60,4408,25 00-MID-9250,Airframe,6928.60,,4408,,INSPECTION,,STLMC,,CHECK (ELT) EMERGENCY LOCATOR TRANSMITTER AND MOUNT FOR PROPER INSTALLATION AND SECURE MOUNTING (25-00-MID-9250),,,,,,,C/W BY BOMBARIER TUCSON SERVICE CENTER REF: W/O 249645,08/13/2025,6470.50,4222,,,0,12,,0,0.00,0.00,1,,,,,,08/13/2026,,,,,,,,,,18,,2,,,,,,,,,,No,10+ Days,,08/13/2026,,,,,,,,,,ICA; SAFA,
N681HC,IHC Health Services,05/24/2026,6928.60,4408,25 00-MID-9251,Airframe,6928.60,,4408,,INSPECTION,,STLMC,,"INSPECT (ELT) EMERGENCY LOCATOR TRANSMITTER WIRING AND CONDUIT, PROPER ROUTING, SECURE MTG, DEFECT (25-00-MID-9251)",,,,,,,C/W BY BOMBARIER TUCSON SERVICE CENTER REF: W/O 249645,08/13/2025,6470.50,4222,,,0,12,,0,0.00,0.00,1,,,,,,08/13/2026,,,,,,,,,,18,,2,,,,,,,,,,No,10+ Days,,08/13/2026,,,,,,,,,,ICA; SAFA,
N681HC,IHC Health Services,05/24/2026,6928.60,4408,25 00-MID-9252,Airframe,6928.60,,4408,,INSPECTION,,STLMC,,(ELT) EMERGENCY LOCATOR TRANSMITTER ELT BONDING AND SHIELDING FOR PROPER INSTALLATION/CONDITION,,,,,,,,08/13/2025,6470.50,4222,,,0,12,,0,0.00,0.00,1,,,,,,08/13/2026,,,,,,,,,,18,,2,,,,,,,,,,No,10+ Days,,08/13/2026,,,,,,,,,,ICA; SAFA,
N681HC,IHC Health Services,05/24/2026,6928.60,4408,25 00-MID-9253,Airframe,6928.60,,4408,,INSPECTION,,STLMC,,"ELT ANTENNA, CONDITION, SECURE MOUNTING & PROPER OPERATION",,,,,,,,08/13/2025,6470.50,4222,,,0,12,,0,0.00,0.00,1,,,,,,08/13/2026,,,,,,,,,,18,,2,,,,,,,,,,No,10+ Days,,08/13/2026,,,,,,,,,,ICA; SAFA,
N681HC,IHC Health Services,05/24/2026,6928.60,4408,25 00-MID-9254,Airframe,6928.60,,4408,,INSPECTION,,STLMC,,"ELT ANTENNA, SUFFICIENT SIGNAL TRANSMISSION",,,,,,,,08/13/2025,6470.50,4222,,,0,12,,0,0.00,0.00,1,,,,,,08/13/2026,,,,,,,,,,18,,2,,,,,,,,,,No,10+ Days,,08/13/2026,,,,,,,,,,ICA; SAFA,
N681HC,IHC Health Services,05/24/2026,6928.60,4408,25 00-MID-9255,Airframe,6928.60,,4408,,INSPECTION,,STLMC,,(ELT) EMERGENCY LOCATOR TRANSMITTER BATTERY CORROSION CHEC,,,,,,,,08/13/2025,6470.50,4222,,,0,12,,0,0.00,0.00,1,,,,,,08/13/2026,,,,,,,,,,18,,2,,,,,,,,,,No,10+ Days,,08/13/2026,,,,,,,,,,ICA; SAFA,
N681HC,IHC Health Services,05/24/2026,6928.60,4408,25 00-MID-9256,Airframe,6928.60,,4408,,INSPECTION,,STLMC,,ELT CONTROLS AND CRASH SENSOR PROPER OPERATION,,,,,,,Work performed by Bombardier Tucson Dated 10/18/2022,08/13/2025,6470.50,4222,,,0,12,,0,0.00,0.00,1,,,,,,08/13/2026,,,,,,,,,,18,,2,,,,,,,,,,No,10+ Days,,08/13/2026,,,,,,,,,,ICA,
N681HC,IHC Health Services,05/24/2026,6928.60,4408,25 00-MID-9399,Airframe,6928.60,,4408,,INSPECTION,,STLMC,,LAVATORY - INSPECT PER SUPPLEMENT MAINTENANCE MANUAL,,,,,,,,08/13/2025,6470.50,4222,,,0,12,,0,0.00,0.00,1,,,,,,08/13/2026,,,,,,,,,,18,,2,,,,,,,,,,No,10+ Days,,08/13/2026,,,,,,,,,,ICA,
N681HC,IHC Health Services,05/24/2026,6928.60,4408,25 60-00-201,Airframe,6928.60,,4408,,INSPECTION,,MRB,,OPERATIONAL TEST (ELT) EMERGENCY LOCATOR TRANSMITTER,AMM 25-62-00-710-801,,,,,,"ELT PN 453-5000 SN - 01651
BEACON ID - 2DC8380CE6FFBFF
BATT EXP - 7/2021",08/13/2025,6470.50,4222,,,0,12,,0,0.00,0.00,1,,,,,,08/13/2026,,,,,,,,,,18,,2,,,,,,,,,,No,10+ Days,,08/13/2026,,,,,,,,,,SAFA,
N681HC,IHC Health Services,05/24/2026,6928.60,4408,25 60-00-203,Airframe,6928.60,,4408,,INSPECTION,,MRB,,DETAILED INSPECTION OF THE EMERGENCY LOCATOR TRANSMITTER (ELT) BATTERY.,AMM 25-62-01-220-801,,,,,,ELT BATTERY EXP 7/2021,08/13/2025,6470.50,4222,,,0,12,,0,0.00,0.00,1,,,,,,08/13/2026,,,,,,,,,,18,,2,,,,,,,,,,No,10+ Days,,08/13/2026,,,,,,,,,,SAFA,
N681HC,IHC Health Services,05/24/2026,6928.60,4408,25 60-00-606,Airframe,6928.60,,4408,,INSPECTION,,STLMC,,INSPECT DETAILED OF FIRST AID/MEDICAL KITS,,,,,,,,08/13/2025,6470.50,4222,,,0,12,,0,0.00,0.00,1,,,,,,08/13/2026,,,,,,,,,,18,,2,,,,,,,,,,No,10+ Days,,08/13/2026,,,,,,,,,,ICA; SAFA,
N681HC,IHC Health Services,05/24/2026,6928.60,4408,25 60-00-607,Airframe,6928.60,,4408,,INSPECTION,,STLMC,,INSPECT DETAILED OF THE EXPIRATION DATE OF SMOKE HOODS,,,,,,,,08/13/2025,6470.50,4222,,,0,12,,0,0.00,0.00,1,,,,,,08/13/2026,,,,,,,,,,18,,2,,,,,,,,,,No,10+ Days,,08/13/2026,,,,,,,,,,ICA; SAFA,
N681HC,IHC Health Services,05/24/2026,6928.60,4408,27 50-00-203,Airframe,6928.60,,4408,,INSPECTION,,MRB,,LUBRICATION OF THE BALL NUT OF THE FLAP ACTUATORS,AMM 12-20-04-640-813,,,,,,C/W BY BOMBARIER TUCSON SERVICE CENTER REF: W/O 249645,08/13/2025,6470.50,4222,,,0,12,,0,0.00,0.00,1,,,,,,08/13/2026,,,,,,,,,,18,,2,,,,,,,,,,No,10+ Days,,08/13/2026,,,,,,,,,,,
N681HC,IHC Health Services,05/24/2026,6928.60,4408,27 50-00-205,Airframe,6928.60,,4408,,INSPECTION,,MRB,,LUBRICATION OF THE FLAP VANE ACTUATOR RODS,AMM 12-20-04-640-809,,,,,,C/W BY BOMBARIER TUCSON SERVICE CENTER REF: W/O 249645,08/13/2025,6470.50,4222,,,0,12,,0,0.00,0.00,1,,,,,,08/13/2026,,,,,,,,,,18,,2,,,,,,,,,,No,10+ Days,,08/13/2026,,,,,,,,,,,
N681HC,IHC Health Services,05/24/2026,6928.60,4408,27 50-00-206,Airframe,6928.60,,4408,,INSPECTION,,MRB,,LUBRICATION OF THE BENT-UP TRAILING EDGE (BUTE) DOOR HINGE,AMM 12-20-04-640-810,,,,,,C/W BY BOMBARIER TUCSON SERVICE CENTER REF: W/O 249645,08/13/2025,6470.50,4222,,,0,12,,0,0.00,0.00,1,,,,,,08/13/2026,,,,,,,,,,18,,2,,,,,,,,,,No,10+ Days,,08/13/2026,,,,,,,,,,,
N681HC,IHC Health Services,05/24/2026,6928.60,4408,35 00-MID-9131,Airframe,6928.60,,4408,,INSPECTION,,STLMC,,CREW/CABIN OXYGEN MASKS - VISUAL INSPECTION,,,,,,,,08/13/2025,6470.50,4222,,,0,12,,0,0.00,0.00,1,,,,,,08/13/2026,,,,,,,,,,18,,2,,,,,,,,,,No,10+ Days,,08/13/2026,,,,,,,,,,ICA; SAFA,
N681HC,IHC Health Services,05/24/2026,6928.60,4408,35 00-MID-9132,Airframe,6928.60,,4408,,INSPECTION,,STLMC,,THERAPEUTIC O2 MASK-EXAMINE FOR CRACK/DAMAGE/HOSE KINK/CUT,,,,,,,,08/13/2025,6470.50,4222,,,0,12,,0,0.00,0.00,1,,,,,,08/13/2026,,,,,,,,,,18,,2,,,,,,,,,,No,10+ Days,,08/13/2026,,,,,,,,,,ICA,
N681HC,IHC Health Services,05/24/2026,6928.60,4408,25 00-MID-9396,Airframe,6928.60,,4408,,INSPECTION,,STLMC,,BULKHEADS - VISUALLY INSPECT CONDITION & SECURITY MOUNTING,,,,,,,"Complied with by Bombardier Tucson, Ref W/O 249645",08/14/2025,6470.50,4222,,,0,12,,0,0.00,0.00,1,,,,,,08/14/2026,,,,,,,,,,19,,2,,,,,,,,,,No,10+ Days,,08/14/2026,,,,,,,,,,ICA,
N681HC,IHC Health Services,05/24/2026,6928.60,4408,33 50-00-202,Airframe,6928.60,,4408,,INSPECTION,,MRB,,OPERATIONAL TEST OF THE EMERGENCY LIGHTS,AMM 33-51-00-710-801,,,,,,C/W BY BOMBARIER TUCSON SERVICE CENTER REF: W/O 249645,08/14/2025,6470.50,4222,,,0,12,,0,0.00,0.00,1,,,,,,08/14/2026,,,,,,,,,,19,,2,,,,,,,,,,No,10+ Days,,08/14/2026,,,,,,,,,,,
N681HC,IHC Health Services,05/24/2026,6928.60,4408,24 30-00-201,Airframe,6928.60,,4408,,INSPECTION,,MRB,,OPERATIONAL TEST TRANSFORMER RECTIFIER UNIT (TRU) FAN,AMM 24-31-01-710-802,,,,,,,08/14/2025,6470.50,4222,,,0,0,600.00,0,0.00,0.00,,,40.00,,,,,,7070.50,,,,,,,,,,,,141.90,,,,,,,,No,10+ Days,,08/15/2026,,,,,,,,,,,
N681HC,IHC Health Services,05/24/2026,6928.60,4408,25 00-MID-9515,Airframe,6928.60,,4408,,INSPECTION,,STLMC,,HEAT TAPE-VISUALLY INSPECT GENERAL CONDITION & SECURITY,,,,,,,,08/18/2025,6478.20,4224,,,0,12,,0,0.00,0.00,1,,,,,,08/18/2026,,,,,,,,,,23,,2,,,,,,,,,,No,10+ Days,,08/18/2026,,,,,,,,,,ICA,
N681HC,IHC Health Services,05/24/2026,6928.60,4408,30 40-00-301,Airframe,6928.60,,4408,,INSPECTION,,MPD 3.2,,DETAILED INSPECTION OF THE WINDSHIELD/SIDE WINDOW AERODYNAMIC SEAL,AMM 56-10-01-220-804,,,,,,"Complied with by Bombardier Tucson, Ref W/O 249645 Dated 9/20/2020.",08/18/2025,6478.20,4224,,,0,12,600.00,0,0.00,0.00,1,,40.00,,,,08/18/2026,,7078.20,,,,,,,,23,,2,,149.60,,,,,,,,No,10+ Days,,08/18/2026,,,,,,,,,,,
N681HC,IHC Health Services,05/24/2026,6928.60,4408,35 00-MID-9103,Airframe,6928.60,,4408,,INSPECTION,,STLMC,,CREW/PAX OXYGEN SYSTEM TEST PER MIDCOAST AVIATION SMM,,,,,,,,08/18/2025,6478.20,4224,,,0,12,,0,0.00,0.00,1,,,,,,08/18/2026,,,,,,,,,,23,,2,,,,,,,,,,No,10+ Days,,08/18/2026,,,,,,,,,,ICA; SAFA,
N681HC,IHC Health Services,05/24/2026,6928.60,4408,38 10-65-610,Airframe,6928.60,,4408,,INSPECTION,,,,OPERATIONAL CHECK OF FLOOR MAT ACTIVATED SELONOID VALVE. REF ICA MISC ITEMS,ICA MISC ITEM,,,,,,,08/18/2025,6478.20,4224,,,0,12,,0,0.00,0.00,0,0,,0,0.00,0.00,08/18/2026,,,,,,,,,,23,,2,,,,,,,,,,No,10+ Days,,08/18/2026,,,,,,,,,,ICA,
N681HC,IHC Health Services,05/24/2026,6928.60,4408,53 ZL-00-228,Airframe,6928.60,,4408,,INSPECTION,,MRB,,GENERAL VISUAL INSPECTION AFT EQUIPMENT COMPARTMENT - INTERNAL,AMM 53-30-01-210-806,,,,,,,08/18/2025,6478.20,4224,,,0,12,,0,0.00,0.00,1,,,,,,08/18/2026,,,,,,,,,,23,,2,,,,,,,,,,No,10+ Days,,08/18/2026,,,,,,,,,,,
N681HC,IHC Health Services,05/24/2026,6928.60,4408,05 0096,Airframe,6928.60,,4408,,INSPECTION,,,,96 MONTH CHECK,,,,,,,,08/19/2018,4427.00,3019,,,0,96,,0,0.00,0.00,,,,,,,08/19/2026,,,,,,,,,,24,,2,,,,,,,,,,No,10+ Days,,08/19/2026,,,,,,,,,,,00137884
N681HC,IHC Health Services,05/24/2026,6928.60,4408,32 00-01-217,Airframe,6928.60,,4408,,INSPECTION,None,RII,,RESTORATION (OVERHAUL) OF THE LEFT MAIN LANDING GEAR (MLG) ASSEMBLY,AMM 32-11-00-280-801,19090-105,DCL222/01,,,,,08/19/2018,,,,,0,96,,0,0.00,0.00,1,,,,,,08/19/2026,,,,,,,,,,24,,2,,,,,,,,,,No,10+ Days,,08/19/2026,,,,,,,,,,RII,00137884
N681HC,IHC Health Services,05/24/2026,6928.60,4408,32 00-01-217,Airframe,6928.60,,4408,,INSPECTION,None,RII,,RESTORATION (OVERHAUL) OF THE RIGHT MAIN LANDING GEAR (MLG) ASSEMBLY,AMM 32-11-00-280-801,19090-106,DCL221/01,,,,,08/19/2018,,,,,0,96,,0,0.00,0.00,1,,,,,,08/19/2026,,,,,,,,,,24,,2,,,,,,,,,,No,10+ Days,,08/19/2026,,,,,,,,,,RII,
N681HC,IHC Health Services,05/24/2026,6928.60,4408,32 00-01-218,Airframe,6928.60,,4408,,INSPECTION,None,RII,,RESTORATION (OVERHAUL) OF THE NOSE LANDING GEAR (NLG) ASSEMBLY,AMM 32-21-01-280-801,200924004,DCL223/01,,,,,08/19/2018,,,,,0,96,,0,0.00,0.00,1,,,,,,08/19/2026,,,,,,,,,,24,,2,,,,,,,,,,No,10+ Days,,08/19/2026,,,,,,,,,,RII,00137884
N681HC,IHC Health Services,05/24/2026,6928.60,4408,33 00-MID-9039,Airframe,6928.60,,4408,,INSPECTION,,STLMC,,EMERGENCY-LIGHTING SYSTEM TEST PER SUPP MAINT MANUAL,,,,,,,C/W BY BOMBARIER TUCSON SERVICE CENTER REF: W/O 249645,08/19/2025,6478.20,4224,,,0,12,,0,0.00,0.00,1,,,,,,08/19/2026,,,,,,,,,,24,,2,,,,,,,,,,No,10+ Days,,08/19/2026,,,,,,,,,,ICA,
N681HC,IHC Health Services,05/24/2026,6928.60,4408,33 50-00-201,Airframe,6928.60,,4408,,INSPECTION,,MRB,,FUNCTIONAL TEST EMERGENCY POWER SUPPLY - AFT,AMM 33-51-01-720-801,,,,,,"Complied with by Bombardier Tucson, Ref W/O 249645 Dated 9/3/2020.",08/19/2025,6478.20,4224,,,0,12,,0,0.00,0.00,1,,,,,,08/19/2026,,,,,,,,,,24,,2,,,,,,,,,,No,10+ Days,,08/19/2026,,,,,,,,,,,
N681HC,IHC Health Services,05/24/2026,6928.60,4408,33 50-00-201,Airframe,6928.60,,4408,,INSPECTION,,MRB,,FUNCTIONAL TEST EMERGENCY POWER SUPPLY -FWD,AMM 33-51-01-720-801,,,,,,,08/19/2025,6478.20,4224,,,0,12,,0,0.00,0.00,1,,,,,,08/19/2026,,,,,,,,,,24,,2,,,,,,,,,,No,10+ Days,,08/19/2026,,,,,,,,,,,
N681HC,IHC Health Services,05/24/2026,6928.60,4408,53 10-00-218,Airframe,6928.60,,4408,,INSPECTION,,MRB,,"DETAILED INSPECTION OF THE  AFT SIDE OF THE PILOT BULKHEAD AND FRAME - FS280.00 ABOVE WL73.50 (FLOOR LEVEL)   DUE TO COMMON ACCESS, THE FOLLOWING SHOULD BE ACCOMPLISHED TOGETHER; 53-ZL-00-223, 53-10-00-218, 53-20-00-205, AND 53-30-00-205.",AMM 53-10-01-220-828,,,,,,,08/19/2018,4427.00,3019,,,0,96,,0,0.00,0.00,1,,,,,,08/19/2026,,,,,,,,,,24,,2,,,,,,,,,,No,10+ Days,,08/19/2026,,,,,,,,,,,00137884
N681HC,IHC Health Services,05/24/2026,6928.60,4408,53 20-00-205,Airframe,6928.60,,4408,,INSPECTION,,MRB,,"DETAILED INSPECTION  INTERNAL FUSELAGE (SKINS AND STRUCTURE) FS280.00 TO FS621.00 ABOVE THE FLOOR  DUE TO COMMON ACCESS, THE FOLLOWING TASKS SHOULD BE ACCOMPLISHED TOGETHER; 53-ZL-00-223, 53-10-00-218, 53-20-00-205, AND 53-30-00-205.",AMM 53-20-01-220-862,,,,,,,08/19/2018,4427.00,3019,,,0,96,,0,0.00,0.00,1,,,,,,08/19/2026,,,,,,,,,,24,,2,,,,,,,,,,No,10+ Days,,08/19/2026,,,,,,,,,,,00137884
N681HC,IHC Health Services,05/24/2026,6928.60,4408,53 30-00-205,Airframe,6928.60,,4408,,INSPECTION,,MRB,,"DETAILED INSPECTION  FORWARD FACE OF THE REAR PRESSURE BULKHEAD ABOVE THE FLOOR - FS621  DUE TO COMMON ACCESS, THE FOLLOWING TASKS SHOULD BE ACCOMPLISHED TOGETHER; 53-ZL-00-223, 53-10-00-218, 53-20-00-205, AND 53-30-00-205.",AMM 53-30-01-220-805,,,,,,,08/19/2018,4427.00,3019,,,0,96,,0,0.00,0.00,1,,,,,,08/19/2026,,,,,,,,,,24,,2,,,,,,,,,,No,10+ Days,,08/19/2026,,,,,,,,,,,00137884
N681HC,IHC Health Services,05/24/2026,6928.60,4408,SB 604-28-015 R1 PART A,Airframe,6928.60,,4408,,SB,,,,MODIFICATION - FUEL QUANTITY INDICATING SYSTEM - CENTER FUEL TANK LEVEL SENSOR CONNECTORS. (APPLICABLE TO AIRCRAFT SERIAL NO. 5301 TO 5647).,,,,,,,C/W RECURRING SB 604-28-015 R1 PART A,08/19/2018,4427.00,3019,,,0,96,,0,0.00,0.00,,,,,,,08/19/2026,,,,,,,,,,24,,2,,,,,,,,,,No,10+ Days,,08/19/2026,,,,,,,,,,,00137884
N681HC,IHC Health Services,05/24/2026,6928.60,4408,SB 604-28-015 R1 PART B,Airframe,6928.60,,4408,,SB,,,,MODIFICATION - FUEL QUANTITY INDICATING SYSTEM - LEFT WING FUEL HIGH-LEVEL SENSOR CONNECTORS. (APPLICABLE TO AIRCRAFT SERIAL NO. 5301 TO 5647).,,,,,,,C/W RECURRING SB 604-28-015 R1 PART B,08/19/2018,4427.00,3019,,,0,96,,0,0.00,0.00,,,,,,,08/19/2026,,,,,,,,,,24,,2,,,,,,,,,,No,10+ Days,,08/19/2026,,,,,,,,,,,00137884
N681HC,IHC Health Services,05/24/2026,6928.60,4408,SB 604-28-015 R1 PART C,Airframe,6928.60,,4408,,SB,,,,MODIFICATION - FUEL QUANTITY INDICATING SYSTEM - RIGHT FUEL HIGH-LEVEL SENSOR CONNECTORS. (APPLICABLE TO AIRCRAFT SERIAL NO. 5301 TO 5647).,,,,,,,C/W RECURRING SB 604-28-015 R1 PART C,08/19/2018,4427.00,3019,,,0,96,,0,0.00,0.00,,,,,,,08/19/2026,,,,,,,,,,24,,2,,,,,,,,,,No,10+ Days,,08/19/2026,,,,,,,,,,,00137884
N681HC,IHC Health Services,05/24/2026,6928.60,4408,SB 604-28-015 R1 PART D,Airframe,6928.60,,4408,,SB,,,,MODIFICATION - FUEL QUANTITY INDICATING SYSTEM - TAIL TANK HIGH-LEVEL SENSOR CONNECTOR. (APPLICABLE TO AIRCRAFT SERIAL NO. 5301 TO 5647).,,,,,,,C/W RECURRING SB 604-28-015 R1 PART D,08/19/2018,4427.00,3019,,,0,96,,0,0.00,0.00,,,,,,,08/19/2026,,,,,,,,,,24,,2,,,,,,,,,,No,10+ Days,,08/19/2026,,,,,,,,,,,00137884
N681HC,IHC Health Services,05/24/2026,6928.60,4408,SB 604-28-015 R1 PART E,Airframe,6928.60,,4408,,SB,,,,MODIFICATION - TAIL TANK WIRING CLAMPS..,,,,,,,C/W RECURRING SB 604-28-015 R1 PART E,08/19/2018,4427.00,3019,,,0,96,,0,0.00,0.00,,,,,,,08/19/2026,,,,,,,,,,24,,2,,,,,,,,,,No,10+ Days,,08/19/2026,,,,,,,,,,,00137884
N581HC,IHC Health Services,12/09/2025,6755.90,6977,05 12-01,Airframe,6755.90,,6977,,INSPECTION,,,,NON-MSG-3 INSPECTION DOCUMENT 01,Rev 12.2 04 18 2023,,,,,,,08/20/2025,6708.00,6926,,,0,12,,0,0.00,0.00,2,,,,,,08/20/2026,,,,,,,,,,25,,2,,,,,,,,,,No,10+ Days,,08/20/2026,,,,,,,,,,Revision B200; Revision CJ4,
N346CC,IHC Health Services,05/24/2026,2614.70,2045,APU-49 R14,APU,1368.50,2397.00,,,SIL,,RII,,(RII) APU SOAP KIT,,,,,,,SERVICE INFO LETTERS - IMPLEMENTATION OF THE HONEYWELL SPECTROMETRIC OIL AND FILTER ANALYSIS PROGRAM (SOAP) FOR HONEYWELL AUXILIARY POWER UNITS (APUS),,,,,,0,0,500.00,0,0.00,0.00,0,0,,0,0.00,0.00,,,1453.90,,,,,,,,,,,,85.40,,,,,,,,No,10+ Days,,08/20/2026,,,,,,,,,,RII,
N681HC,IHC Health Services,05/24/2026,6928.60,4408,05 00-01001,Airframe,6928.60,,4408,,INSPECTION,,STLMC,,"VISUAL INSPECTION FOR IONIZATION DAMAGE, BREAKS, LIFTING FROM RADOME, BURNING OR END CONNECTIONS, MISSINFG DIVERTERS",,,,,,,600 HOURS OR AFTER SUSPECTED STRIKE,08/18/2025,6478.20,4224,,,0,0,600.00,0,0.00,0.00,0,0,,0,0.00,0.00,,,7078.20,,,,,,,,,,,,149.60,,,,,,,,No,10+ Days,,08/20/2026,,,,,,,,,,ICA,
N681HC,IHC Health Services,05/24/2026,6928.60,4408,21 30-00-203,Airframe,6928.60,,4408,,INSPECTION,,MRB,,OPERATIONAL TEST OF THE PRESSURIZATION CONTROL SYSTEM (MANUAL MODE),AMM 21-31-00-710-802,,,,,,,08/19/2025,6478.20,4224,,,0,0,600.00,0,0.00,0.00,,,40.00,,,,,,7078.20,,,,,,,,,,,,149.60,,,,,,,,No,10+ Days,,08/20/2026,,,,,,,,,,,
N681HC,IHC Health Services,05/24/2026,6928.60,4408,28 10-00-201,Airframe,6928.60,,4408,,INSPECTION,,MRB,,GENERAL VISUAL INSPECTION OF THE FUEL TANK ACCESS PANELS,AMM 28-11-01-210-801,,,,,,,08/18/2025,6478.20,4224,,,0,0,600.00,0,0.00,0.00,,,40.00,,,,,,7078.20,,,,,,,,,,,,149.60,,,,,,,,No,10+ Days,,08/20/2026,,,,,,,,,,,
N681HC,IHC Health Services,05/24/2026,6928.60,4408,28 10-00-202,Airframe,6928.60,,4408,,INSPECTION,,MRB,,GENERAL VISUAL INSPECTION OF THE FUEL DRAIN VALVES,AMM 28-11-07-210-801,,,,,,,08/18/2025,6478.20,4224,,,0,0,600.00,0,0.00,0.00,,,40.00,,,,,,7078.20,,,,,,,,,,,,149.60,,,,,,,,No,10+ Days,,08/20/2026,,,,,,,,,,,
N681HC,IHC Health Services,05/24/2026,6928.60,4408,28 10-00-203,Airframe,6928.60,,4408,,INSPECTION,,MRB,,GENERAL VISUAL INSPECTION OF THE WATER DRAIN VALVES,AMM 28-11-04-210-801,,,,,,,08/18/2025,6478.20,4224,,,0,0,600.00,0,0.00,0.00,,,40.00,,,,,,7078.20,,,,,,,,,,,,149.60,,,,,,,,No,10+ Days,,08/20/2026,,,,,,,,,,,
N681HC,IHC Health Services,05/24/2026,6928.60,4408,28 10-00-204,Airframe,6928.60,,4408,,INSPECTION,,MRB,,GENERAL VISUAL INSPECTION FUEL TANK EXTERIOR,AMM 28-10-00-210-801,,,,,,,08/18/2025,6478.20,4224,,,0,0,600.00,0,0.00,0.00,,,40.00,,,,,,7078.20,,,,,,,,,,,,149.60,,,,,,,,No,10+ Days,,08/20/2026,,,,,,,,,,,
N681HC,IHC Health Services,05/24/2026,6928.60,4408,28 10-00-205,Airframe,6928.60,,4408,,INSPECTION,,MRB,,GENERAL VISUAL INSPECTION SADDLE TANK DRAIN,AMM 28-13-10-210-801,,,,,,,08/18/2025,6478.20,4224,,,0,0,600.00,0,0.00,0.00,,,40.00,,,,,,7078.20,,,,,,,,,,,,149.60,,,,,,,,No,10+ Days,,08/20/2026,,,,,,,,,,,
N681HC,IHC Health Services,05/24/2026,6928.60,4408,28 10-00-206,Airframe,6928.60,,4408,,INSPECTION,,MRB,,GENERAL VISUAL INSPECTION GRAVITY FILLER CAP,AMM 28-10-00-210-802,,,,,,,08/18/2025,6478.20,4224,,,0,0,600.00,0,0.00,0.00,,,40.00,,,,,,7078.20,,,,,,,,,,,,149.60,,,,,,,,No,10+ Days,,08/20/2026,,,,,,,,,,,
N681HC,IHC Health Services,05/24/2026,6928.60,4408,28 10-00-213,Airframe,6928.60,,4408,,INSPECTION,,MRB,,VISUAL CHECK VENT/DISTRIBUTION SHROUD DRAINS BLOCKAGE/LEAKAGE,AMM 28-00-00-210-801,,,,,,,08/19/2025,6478.20,4224,,,0,0,600.00,0,0.00,0.00,,,40.00,,,,,,7078.20,,,,,,,,,,,,149.60,,,,,,,,No,10+ Days,,08/20/2026,,,,,,,,,,,
N681HC,IHC Health Services,05/24/2026,6928.60,4408,28 21-13-201,Airframe,6928.60,,4408,,INSPECTION,None,RII,,OPERATIONAL TEST NO. 1 ENGINE FIREWALL SHUTOFF VALVE,AMM 28-21-13-710-801,601-62900-8,U00798,,,,TASK HAS FALLEN OUT OF PHASE WITH THE GROUPING. PLEASE CONFIRM IF IT SHOULD REMAIN IN THE GROUPING,08/18/2025,6478.20,4224,,,0,0,600.00,0,0.00,0.00,,,40.00,,,,,,7078.20,,,,,,,,,,,,149.60,,,,,,,,No,10+ Days,,08/20/2026,,,,,,,,,,RII; Customer Review,
N681HC,IHC Health Services,05/24/2026,6928.60,4408,28 21-13-201,Airframe,6928.60,,4408,,INSPECTION,None,RII,,OPERATIONAL TEST NO. 2 ENGINE FIREWALL SHUTOFF VALVE,AMM 28-21-13-710-801,601-62900-7,U05834,,,,TASK HAS FALLEN OUT OF PHASE WITH THE GROUPING. PLEASE CONFIRM IF IT SHOULD REMAIN IN THE GROUPING,08/18/2025,6478.20,4224,,,0,0,600.00,0,0.00,0.00,,,40.00,,,,,,7078.20,,,,,,,,,,,,149.60,,,,,,,,No,10+ Days,,08/20/2026,,,,,,,,,,RII; Customer Review,
N681HC,IHC Health Services,05/24/2026,6928.60,4408,29 10-00-201,Airframe,6928.60,,4408,,INSPECTION,,MRB,,VISUAL CHECK FILTER DIFFERENTIAL PRESSURE INDICATOR,AMM 29-10-00-210-801,,,,,,,08/19/2025,6478.20,4224,,,0,0,600.00,0,0.00,0.00,,,40.00,,,,,,7078.20,,,,,,,,,,,,149.60,,,,,,,,No,10+ Days,,08/20/2026,,,,,,,,,,,
N681HC,IHC Health Services,05/24/2026,6928.60,4408,30 22-00-101,Airframe,6928.60,,4408,,INSPECTION,,CMR,,OPERATIONAL TEST OF COWL ANTI-ICE FAILURE INDICATION (POST SB 604-30-004),AMM 30-22-00-710-801,,,,,,INTERVAL ADDED PER THE MPD. PLEASE CONFIRM LAST COMPLIANCE,08/18/2025,6478.20,4224,,,0,0,600.00,0,0.00,0.00,,,,,,,,,7078.20,,,,,,,,,,,,149.60,,,,,,,,No,10+ Days,,08/20/2026,,,,,,,,,,,
N681HC,IHC Health Services,05/24/2026,6928.60,4408,31 41-00-201,Airframe,6928.60,,4408,,INSPECTION,,MRB,,OPERATIONAL TEST OF THE DATA CONCENTRATOR UNIT (DCU) (MASTER WARNING/MASTER CAUTION SIGNALS),AMM 31-41-04-710-802,,,,,,,08/18/2025,6478.20,4224,,,0,0,600.00,0,0.00,0.00,,,40.00,,,,,,7078.20,,,,,,,,,,,,149.60,,,,,,,,No,10+ Days,,08/20/2026,,,,,,,,,,,
N681HC,IHC Health Services,05/24/2026,6928.60,4408,32 00-01-213,Airframe,6928.60,,4408,,INSPECTION,,MRB,,GENERAL VISUAL INSPECTION MAIN LANDING GEAR ASSEMBLY,AMM 32-11-00-210-801,,,,,,,08/19/2025,6478.20,4224,,,0,0,600.00,0,0.00,0.00,,,40.00,,,,,,7078.20,,,,,,,,,,,,149.60,,,,,,,,No,10+ Days,,08/20/2026,,,,,,,,,,,
N681HC,IHC Health Services,05/24/2026,6928.60,4408,32 00-01-214,Airframe,6928.60,,4408,,INSPECTION,,MRB,,GENERAL VISUAL INSPECTION NOSE LANDING GEAR ASSEMBLY,AMM 32-21-01-210-801,,,,,,,08/19/2025,6478.20,4224,,,0,0,600.00,0,0.00,0.00,,,40.00,,,,,,7078.20,,,,,,,,,,,,149.60,,,,,,,,No,10+ Days,,08/20/2026,,,,,,,,,,,
N681HC,IHC Health Services,05/24/2026,6928.60,4408,32 40-00-205,Airframe,6928.60,,4408,,INSPECTION,,MRB,,DETAILED INSPECTION BRAKE WEAR PINS,AMM 32-43-19-220-801,,,,,,,08/18/2025,6478.20,4224,,,0,0,600.00,0,0.00,0.00,,,40.00,,,,,,7078.20,,,,,,,,,,,,149.60,,,,,,,,No,10+ Days,,08/20/2026,,,,,,,,,,,
N681HC,IHC Health Services,05/24/2026,6928.60,4408,71 12-00-203,Airframe,6928.60,,4408,,INSPECTION,,MRB,,GENERAL VISUAL INSPECTION DRAINS MAST AND CHANNELS,AMM 71-12-01-210-804,,,,,,,08/19/2025,6478.20,4224,,,0,0,600.00,0,0.00,0.00,,,40.00,,,,,,7078.20,,,,,,,,,,,,149.60,,,,,,,,No,10+ Days,,08/20/2026,,,,,,,,,,,
N681HC,IHC Health Services,05/24/2026,6928.60,4408,71 12-00-204,Airframe,6928.60,,4408,,INSPECTION,,MRB,,OPERATIONAL TEST DRAINS MAST & CHANNELS,AMM 71-12-01-710-801,,,,,,,08/19/2025,6478.20,4224,,,0,0,600.00,0,0.00,0.00,,,40.00,,,,,,7078.20,,,,,,,,,,,,149.60,,,,,,,,No,10+ Days,,08/20/2026,,,,,,,,,,,
N681HC,IHC Health Services,05/24/2026,6928.60,4408,72 20-00-201,Engine 1,6928.60,4408.00,,,INSPECTION,,MRB,,NO. 1 ENGINE - INSPECT GENERAL VISUAL OF FAN BLADES,AMM 72-20-00-210-801,,,,,,,08/18/2025,6478.20,,4224.00,,0,0,600.00,0,0.00,0.00,,,40.00,,,,,,7078.20,,,,,,,,,,,,149.60,,,,,,,,No,10+ Days,,08/20/2026,,,,,,,,,,,
N681HC,IHC Health Services,05/24/2026,6928.60,4408,72 20-00-201,Engine 2,6928.60,4408.00,,,INSPECTION,,MRB,,NO. 2 ENGINE - INSPECT GENERAL VISUAL OF FAN BLADES,AMM 72-20-00-210-801,,,,,,,08/18/2025,6478.20,,4224.00,,0,0,600.00,0,0.00,0.00,,,40.00,,,,,,7078.20,,,,,,,,,,,,149.60,,,,,,,,No,10+ Days,,08/20/2026,,,,,,,,,,,
N681HC,IHC Health Services,05/24/2026,6928.60,4408,72 20-00-202,Engine 1,6928.60,4408.00,,,INSPECTION,,MRB,,NO. 1 ENGINE - GENERAL VISUAL INSPECTION FAN SPINNER,AMM 72-20-00-210-802,,,,,,,08/18/2025,6478.20,,4224.00,,0,0,600.00,0,0.00,0.00,,,40.00,,,,,,7078.20,,,,,,,,,,,,149.60,,,,,,,,No,10+ Days,,08/20/2026,,,,,,,,,,,
N681HC,IHC Health Services,05/24/2026,6928.60,4408,72 20-00-202,Engine 2,6928.60,4408.00,,,INSPECTION,,MRB,,NO. 2 ENGINE - GENERAL VISUAL INSPECTION FAN SPINNER,AMM 72-20-00-210-802,,,,,,,08/18/2025,6478.20,,4224.00,,0,0,600.00,0,0.00,0.00,,,40.00,,,,,,7078.20,,,,,,,,,,,,149.60,,,,,,,,No,10+ Days,,08/20/2026,,,,,,,,,,,
N681HC,IHC Health Services,05/24/2026,6928.60,4408,72 20-00-210,Engine 1,6928.60,4408.00,,,INSPECTION,,MRB,,NO. 1 ENGINE - GENERAL VISUAL INSPECTION FAN SHROUD CORE MATERIAL,AMM 72-20-00-210-805,,,,,,,08/19/2025,6478.20,,4224.00,,0,0,600.00,0,0.00,0.00,,,40.00,,,,,,7078.20,,,,,,,,,,,,149.60,,,,,,,,No,10+ Days,,08/20/2026,,,,,,,,,,,
N681HC,IHC Health Services,05/24/2026,6928.60,4408,72 20-00-210,Engine 2,6928.60,4408.00,,,INSPECTION,,MRB,,NO. 2 ENGINE - GENERAL VISUAL INSPECTION FAN SHROUD CORE MATERIAL,AMM 72-20-00-210-805,,,,,,,08/19/2025,6478.20,,4224.00,,0,0,600.00,0,0.00,0.00,,,40.00,,,,,,7078.20,,,,,,,,,,,,149.60,,,,,,,,No,10+ Days,,08/20/2026,,,,,,,,,,,
N681HC,IHC Health Services,05/24/2026,6928.60,4408,72 40-00-205,Engine 1,6928.60,4408.00,,,INSPECTION,,MRB,,NO. 1 ENGINE - GENERAL VISUAL INSPECTION THERMAL BLANKET,AMM 72-40-00-210-802,,,,,,,08/19/2025,6478.20,,4224.00,,0,0,600.00,0,0.00,0.00,,,40.00,,,,,,7078.20,,,,,,,,,,,,149.60,,,,,,,,No,10+ Days,,08/20/2026,,,,,,,,,,,
N681HC,IHC Health Services,05/24/2026,6928.60,4408,72 40-00-205,Engine 2,6928.60,4408.00,,,INSPECTION,,MRB,,NO. 2 ENGINE - GENERAL VISUAL INSPECTION THERMAL BLANKET,AMM 72-40-00-210-802,,,,,,,08/19/2025,6478.20,,4224.00,,0,0,600.00,0,0.00,0.00,,,40.00,,,,,,7078.20,,,,,,,,,,,,149.60,,,,,,,,No,10+ Days,,08/20/2026,,,,,,,,,,,
N681HC,IHC Health Services,05/24/2026,6928.60,4408,79 00-00-203,Engine 1,6928.60,4408.00,,,INSPECTION,,MRB,,NO. 1 ENGINE - VISUAL CHECK OIL FILTER IMPENDING BYPASS INDICATOR,AMM 79-30-10-210-801,,,,,,,08/18/2025,6478.20,,4224.00,,0,0,600.00,0,0.00,0.00,,,,,,,,,7078.20,,,,,,,,,,,,149.60,,,,,,,,No,10+ Days,,08/20/2026,,,,,,,,,,,
N681HC,IHC Health Services,05/24/2026,6928.60,4408,79 00-00-203,Engine 2,6928.60,4408.00,,,INSPECTION,,MRB,,NO. 2 ENGINE - VISUAL CHECK OIL FILTER IMPENDING BYPASS INDICATOR,AMM 79-30-10-210-801,,,,,,,08/18/2025,6478.20,,4224.00,,0,0,600.00,0,0.00,0.00,,,,,,,,,7078.20,,,,,,,,,,,,149.60,,,,,,,,No,10+ Days,,08/20/2026,,,,,,,,,,,
N681HC,IHC Health Services,05/24/2026,6928.60,4408,79 00-00-207,Engine 1,6928.60,4408.00,,,INSPECTION,,MRB,,NO. 1 ENGINE - VISUAL CHECK C-SUMP DRAIN OUTLET,AMM 71-71-04-210-801,,,,,,,08/18/2025,6478.20,,4224.00,,0,0,600.00,0,0.00,0.00,,,40.00,,,,,,7078.20,,,,,,,,,,,,149.60,,,,,,,,No,10+ Days,,08/20/2026,,,,,,,,,,,
N681HC,IHC Health Services,05/24/2026,6928.60,4408,79 00-00-207,Engine 2,6928.60,4408.00,,,INSPECTION,,MRB,,NO. 2 ENGINE - VISUAL CHECK C-SUMP DRAIN OUTLET,AMM 71-71-04-210-801,,,,,,,08/18/2025,6478.20,,4224.00,,0,0,600.00,0,0.00,0.00,,,40.00,,,,,,7078.20,,,,,,,,,,,,149.60,,,,,,,,No,10+ Days,,08/20/2026,,,,,,,,,,,
N681HC,IHC Health Services,05/24/2026,6928.60,4408,80 11-00-202,Airframe,6928.60,,4408,,INSPECTION,,MRB,,DETAILED INSPECTION OF THE DRAIN PLUG MAGNETIC CHIP DETECTOR,AMM 80-11-01-220-801,,,,,,,08/18/2025,6478.20,4224,,,0,0,600.00,0,0.00,0.00,,,40.00,,,,,,7078.20,,,,,,,,,,,,149.60,,,,,,,,No,10+ Days,,08/20/2026,,,,,,,,,,,
N681HC,IHC Health Services,05/24/2026,6928.60,4408,80 11-00-203,Airframe,6928.60,,4408,,INSPECTION,,RII,,DISCARD OF THE AIR TURBINE STARTER (ATS) OIL.,AMM 80-11-01-680-801,,,,,,,08/19/2025,6478.20,4224,,,0,0,600.00,0,0.00,0.00,,,40.00,,,,,,7078.20,,,,,,,,,,,,149.60,,,,,,,,No,10+ Days,,08/20/2026,,,,,,,,,,RII,
N681HC,IHC Health Services,05/24/2026,6928.60,4408,21 20-00-201,Airframe,6928.60,,4408,,INSPECTION,,MRB,,OPERATIONAL TEST OF THE PRESSURE BULKHEAD CHECK VALVES,AMM 21-21-04-710-801,,,,,,,04/22/2025,6286.40,4141,,,0,0,800.00,0,0.00,0.00,,,40.00,,,,,,7086.40,,,,,,,,,,,,157.80,,,,,,,,No,10+ Days,,08/25/2026,,,,,,,,,,,
N681HC,IHC Health Services,05/24/2026,6928.60,4408,27 10-00-204,Airframe,6928.60,,4408,,INSPECTION,,MRB,,OPERATIONAL TEST AILERON ANTIFLOAT MECHANISM,AMM 27-15-04-710-801,,,,,,,04/24/2025,6286.40,4141,,,0,0,800.00,0,0.00,0.00,,,40.00,,,,,,7086.40,,,,,,,,,,,,157.80,,,,,,,,No,10+ Days,,08/25/2026,,,,,,,,,,,
N681HC,IHC Health Services,05/24/2026,6928.60,4408,27 13-04-101,Airframe,6928.60,,4408,,INSPECTION,,CMR,,OPERATIONAL TEST ROLL DISCONNECT SYSTEM,AMM 27-13-04-710-801,,,,,,,04/21/2025,6286.40,4141,,,0,0,800.00,0,0.00,0.00,,,,,,,,,7086.40,,,,,,,,,,,,157.80,,,,,,,,No,10+ Days,,08/25/2026,,,,,,,,,,,
N681HC,IHC Health Services,05/24/2026,6928.60,4408,27 14-01-101,Airframe,6928.60,,4408,,INSPECTION,,CMR,,FUNCTIONAL TEST AILERON POWER CONTROL UNITS (PCUS),AMM 27-14-01-720-801,,,,,,,04/24/2025,6286.40,4141,,,0,0,800.00,0,0.00,0.00,,,,,,,,,7086.40,,,,,,,,,,,,157.80,,,,,,,,No,10+ Days,,08/25/2026,,,,,,,,,,,
N681HC,IHC Health Services,05/24/2026,6928.60,4408,27 15-07-101,Airframe,6928.60,,4408,,INSPECTION,,CMR,,DETAILED INSPECTION NO. 1 AILERON FLUTTER (FLIGHT CONTROLS) DAMPER,AMM 27-15-07-220-801,,,,,,,04/24/2025,6286.40,4141,,,0,0,800.00,0,0.00,0.00,,,,,,,,,7086.40,,,,,,,,,,,,157.80,,,,,,,,No,10+ Days,,08/25/2026,,,,,,,,,,,
N681HC,IHC Health Services,05/24/2026,6928.60,4408,27 15-07-101,Airframe,6928.60,,4408,,INSPECTION,,CMR,,DETAILED INSPECTION NO. 2 AILERON FLUTTER (FLIGHT CONTROLS) DAMPER,AMM 27-15-07-220-801,,,,,,,04/24/2025,6286.40,4141,,,0,0,800.00,0,0.00,0.00,,,,,,,,,7086.40,,,,,,,,,,,,157.80,,,,,,,,No,10+ Days,,08/25/2026,,,,,,,,,,,
N681HC,IHC Health Services,05/24/2026,6928.60,4408,27 32-00-101,Airframe,6928.60,,4408,,INSPECTION,,CMR,,OPERATIONAL TEST ELEVATOR DISCONNECT SYSTEM,AMM 27-32-00-710-801,,,,,,,04/21/2025,6286.40,4141,,,0,0,800.00,0,0.00,0.00,,,,,,,,,7086.40,,,,,,,,,,,,157.80,,,,,,,,No,10+ Days,,08/25/2026,,,,,,,,,,,
N681HC,IHC Health Services,05/24/2026,6928.60,4408,27 34-04-102,Airframe,6928.60,,4408,,INSPECTION,,CMR,,DETAILED INSPECTION LEFT INBOARD ELEVATOR FLUTTER (FLIGHT CONTROLS) DAMPER,AMM 27-34-04-220-801,,,,,,,04/24/2025,6286.40,4141,,,0,0,800.00,0,0.00,0.00,,,,,,,,,7086.40,,,,,,,,,,,,157.80,,,,,,,,No,10+ Days,,08/25/2026,,,,,,,,,,,
N681HC,IHC Health Services,05/24/2026,6928.60,4408,27 34-04-102,Airframe,6928.60,,4408,,INSPECTION,,CMR,,DETAILED INSPECTION LEFT OUTBOARD ELEVATOR FLUTTER (FLIGHT CONTROLS) DAMPER,AMM 27-34-04-220-801,,,,,,,04/24/2025,6286.40,4141,,,0,0,800.00,0,0.00,0.00,,,,,,,,,7086.40,,,,,,,,,,,,157.80,,,,,,,,No,10+ Days,,08/25/2026,,,,,,,,,,,
N681HC,IHC Health Services,05/24/2026,6928.60,4408,27 34-04-102,Airframe,6928.60,,4408,,INSPECTION,,CMR,,DETAILED INSPECTION RIGHT INBOARD ELEVATOR FLUTTER (FLIGHT CONTROLS) DAMPER,AMM 27-34-04-220-801,,,,,,,04/24/2025,6286.40,4141,,,0,0,800.00,0,0.00,0.00,,,,,,,,,7086.40,,,,,,,,,,,,157.80,,,,,,,,No,10+ Days,,08/25/2026,,,,,,,,,,,
N681HC,IHC Health Services,05/24/2026,6928.60,4408,27 34-04-102,Airframe,6928.60,,4408,,INSPECTION,,CMR,,DETAILED INSPECTION RIGHT OUTBOARD ELEVATOR FLUTTER (FLIGHT CONTROLS) DAMPER,AMM 27-34-04-220-801,,,,,,,04/24/2025,6286.40,4141,,,0,0,800.00,0,0.00,0.00,,,,,,,,,7086.40,,,,,,,,,,,,157.80,,,,,,,,No,10+ Days,,08/25/2026,,,,,,,,,,,
N681HC,IHC Health Services,05/24/2026,6928.60,4408,27 35-00-201,Airframe,6928.60,,4408,,INSPECTION,,MRB,,OPERATIONAL TEST STALL WARNING COMPUTER FOR SINGLE CHANNEL OF STALL PROTECTION COMPUTER,AMM 27-35-01-710-801,,,,,,,04/21/2025,6286.40,4141,,,0,0,800.00,0,0.00,0.00,,,40.00,,,,,,7086.40,,,,,,,,,,,,157.80,,,,,,,,No,10+ Days,,08/25/2026,,,,,,,,,,,
N681HC,IHC Health Services,05/24/2026,6928.60,4408,27 35-00-202,Airframe,6928.60,,4408,,INSPECTION,,MRB,,OPERATIONAL TEST STALL WARNING COMPUTER FOR DUAL CHANNEL OF STALL PROTECTION COMPUTER,AMM 27-35-01-710-802,,,,,,,04/21/2025,6286.40,4141,,,0,0,800.00,0,0.00,0.00,,,40.00,,,,,,7086.40,,,,,,,,,,,,157.80,,,,,,,,No,10+ Days,,08/25/2026,,,,,,,,,,,
N681HC,IHC Health Services,05/24/2026,6928.60,4408,27 40-00-205,Airframe,6928.60,,4408,,INSPECTION,,MRB,,OPERATIONAL TEST PITCH TRIM SWITCH,AMM 27-41-04-710-801,,,,,,,04/21/2025,6286.40,4141,,,0,0,800.00,0,0.00,0.00,,,40.00,,,,,,7086.40,,,,,,,,,,,,157.80,,,,,,,,No,10+ Days,,08/25/2026,,,,,,,,,,,
N681HC,IHC Health Services,05/24/2026,6928.60,4408,27 40-00-206,Airframe,6928.60,,4408,,INSPECTION,,MRB,,OPERATIONAL TEST HORIZONTAL STABILIZER TRIM SYSTEM,AMM 27-40-00-710-801,,,,,,,04/21/2025,6286.40,4141,,,0,0,800.00,0,0.00,0.00,,,40.00,,,,,,7086.40,,,,,,,,,,,,157.80,,,,,,,,No,10+ Days,,08/25/2026,,,,,,,,,,,
N681HC,IHC Health Services,05/24/2026,6928.60,4408,32 40-00-201,Airframe,6928.60,,4408,,INSPECTION,,MRB,,FUNCTIONAL TEST BRAKE ACCUMULATORS,AMM 32-43-07-720-801,,,,,,,04/23/2025,6286.40,4141,,,0,0,800.00,0,0.00,0.00,,,40.00,,,,,,7086.40,,,,,,,,,,,,157.80,,,,,,,,No,10+ Days,,08/25/2026,,,,,,,,,,,
N681HC,IHC Health Services,05/24/2026,6928.60,4408,32 40-00-204,Airframe,6928.60,,4408,,INSPECTION,,MRB,,LUBRICATION MLG BRAKE CONTROL VALVE ASSEMBLY,AMM 12-20-04-640-825,,,,,,,04/22/2025,6286.40,4141,,,0,0,800.00,0,0.00,0.00,,,40.00,,,,,,7086.40,,,,,,,,,,,,157.80,,,,,,,,No,10+ Days,,08/25/2026,,,,,,,,,,,
N681HC,IHC Health Services,05/24/2026,6928.60,4408,71 61-00-202,Airframe,6928.60,,4408,,INSPECTION,,MRB,,LUBRICATION OF THE BALLSCREW ACTUATORS SUPPORT BUSHINGS,AMM 12-20-04-640-827,,,,,,,04/23/2025,6286.40,4141,,,0,0,800.00,0,0.00,0.00,,,40.00,,,,,,7086.40,,,,,,,,,,,,157.80,,,,,,,,No,10+ Days,,08/25/2026,,,,,,,,,,,
N681HC,IHC Health Services,05/24/2026,6928.60,4408,72 30-00-205,Engine 1,6928.60,4408.00,,,INSPECTION,,MRB,,NO. 1 ENGINE - LUBRICATION VARIABLE GEOMETRY LINKAGE ROD END BEARINGS,AMM 72-30-00-640-801,,,,,,,04/22/2025,6286.40,,4141.00,,0,0,800.00,0,0.00,0.00,,,40.00,,,,,,7086.40,,,,,,,,,,,,157.80,,,,,,,,No,10+ Days,,08/25/2026,,,,,,,,,,,
N681HC,IHC Health Services,05/24/2026,6928.60,4408,72 30-00-205,Engine 2,6928.60,4408.00,,,INSPECTION,,MRB,,NO. 2 ENGINE - LUBRICATION VARIABLE GEOMETRY LINKAGE ROD END BEARINGS,AMM 72-30-00-640-801,,,,,,,04/22/2025,6286.40,,4141.00,,0,0,800.00,0,0.00,0.00,,,40.00,,,,,,7086.40,,,,,,,,,,,,157.80,,,,,,,,No,10+ Days,,08/25/2026,,,,,,,,,,,
N681HC,IHC Health Services,05/24/2026,6928.60,4408,78 30-00-202,Airframe,6928.60,,4408,,INSPECTION,,MRB,,LUBRICATION OF THE THRUST-REVERSER BALLSCREW ACTUATORS,AMM 12-20-04-640-824,,,,,,,04/24/2025,6286.40,4141,,,0,0,800.00,0,0.00,0.00,,,40.00,,,,,,7086.40,,,,,,,,,,,,157.80,,,,,,,,No,10+ Days,,08/25/2026,,,,,,,,,,,
N581HC,IHC Health Services,12/09/2025,6755.90,6977,05 12-13,Airframe,6755.90,,6977,,INSPECTION,,,,NON-MSG-3 INSPECTION DOCUMENT 13,Rev 12.2 04 18 2023,,,,,,,01/02/2025,6197.90,6359,,,0,0,800.00,0,0.00,0.00,,,30.00,,,,,,6997.90,,,,,,,,,,,,242.00,,,,,,,,No,10+ Days,,08/31/2026,,,,,,,,,,Revision B200; Revision CJ4,
N681HC,IHC Health Services,05/24/2026,6928.60,4408,27 35-04-101,Airframe,6928.60,,4408,,INSPECTION,,CMR,,FUNCTIONAL TEST NO. 1 ANGLE OF ATTACK TRANSDUCER,AMM 27-35-04-720-801,,,,,,"Complied with by Bombardier Tucson, Ref W/O 249645",03/10/2026,6806.60,4359,,,0,0,300.00,0,0.00,0.00,,,,,,,,,7106.60,,,,,,,,,,,,178.00,,,,,,,,No,10+ Days,,09/05/2026,,,,,,,,,,,
N681HC,IHC Health Services,05/24/2026,6928.60,4408,27 35-04-101,Airframe,6928.60,,4408,,INSPECTION,,CMR,,FUNCTIONAL TEST NO. 2 ANGLE OF ATTACK TRANSDUCER,AMM 27-35-04-720-801,,,,,,"Complied with by Bombardier Tucson, Ref W/O 249645",03/10/2026,6806.60,4359,,,0,0,300.00,0,0.00,0.00,,,,,,,,,7106.60,,,,,,,,,,,,178.00,,,,,,,,No,10+ Days,,09/05/2026,,,,,,,,,,,
N681HC,IHC Health Services,05/24/2026,6928.60,4408,AD 2003-22-12  PART H,Airframe,6928.60,,4408,,AD,,,,MEASUREMENTS AND CORRECTIVE,,,,,,,,03/10/2026,6806.60,4359,,,0,0,300.00,0,0.00,0.00,,,,,,,,,7106.60,,,,,,,,,,,,178.00,,,,,,,,No,10+ Days,,09/05/2026,,,,,,,,,,,
N581HC,IHC Health Services,12/09/2025,6755.90,6977,05 12-23,Airframe,6755.90,,6977,,INSPECTION,,,,NON-MSG-3 INSPECTION DOCUMENT 23,Rev 12.2 04 18 2023,,,,,,,04/11/2024,5611.60,5668,,,0,0,1400.00,0,0.00,0.00,,,30.00,,,,,,7011.60,,,,,,,,,,,,255.70,,,,,,,,No,10+ Days,,09/06/2026,,,,,,,,,,Revision B200; Revision CJ4,
N301HC,IHC Health Services,05/23/2026,4227.10,3484,05 12-21,Airframe,4227.10,,3484,,INSPECTION,,,,INSPECTION DOCUMENT 21,,,,,,,12 MONTH RECURRING INTERVAL AND 600 HOUR RECURRING INTERVAL. WHICHEVER COMES FIRST.,09/09/2025,3962.00,3264,,,,12,600.00,,,,1,,25.00,,,,09/09/2026,,4562.00,,,,,,,,14,,3,,334.90,,,,,,,,No,10+ Days,,09/09/2026,,,,,,,,,,,
N681HC,IHC Health Services,05/24/2026,6928.60,4408,27 50-00-207,Airframe,6928.60,,4408,,INSPECTION,,MRB,,VISUAL CHECK OF THE INBOARD AND OUTBOARD FLAP ACTUATORS,AMM 27-53-00-210-801,,,,,,,04/29/2025,6313.40,4147,,,0,0,800.00,0,0.00,0.00,,,40.00,,,,,,7113.40,,,,,,,,,,,,184.80,,,,,,,,No,10+ Days,,09/09/2026,,,,,,,,,,,
N681HC,IHC Health Services,05/24/2026,6928.60,4408,32 00-01-201,Airframe,6928.60,,4408,,INSPECTION,,MRB,,FUNCTIONAL TEST LANDING GEAR EMERGENCY-EXTENSION SYST,AMM 32-34-00-720-801,,,,,,,04/29/2025,6313.40,4147,,,0,0,800.00,0,0.00,0.00,,,40.00,,,,,,7113.40,,,,,,,,,,,,184.80,,,,,,,,No,10+ Days,,09/09/2026,,,,,,,,,,,
N346CC,IHC Health Services,05/24/2026,2614.70,2045,79 10-00-901,Engine 2,2614.70,2045.00,,,INSPECTION,Life Limited,RII,,(RII) OIL FILTER ELEMENT - REMOVE AND CHECK FOR FOREIGN MATTER AND DAMAGE,,,,,,,INSTALL THE NEW OIL FILTER ELEMENT,10/29/2021,1820.80,,,,,,900.00,,,,,,50.00,,,,,,2720.80,,,,,,,,,,,,106.10,,,,,,,,No,10+ Days,,09/09/2026,,,,,,,,,,RII,
N346CC,IHC Health Services,05/24/2026,2614.70,2045,79 10-00-901,Engine 1,2614.70,2045.00,,,INSPECTION,Life Limited,RII,,(RII) OIL FILTER ELEMENT - REMOVE AND CHECK FOR FOREIGN MATTER AND DAMAGE,,,,,,,INSTALL THE NEW OIL FILTER ELEMENT,10/29/2021,1820.80,,,,,,900.00,,,,,,50.00,,,,,,2720.80,,,,,,,,,,,,106.10,,,,,,,,No,10+ Days,,09/09/2026,,,,,,,,,,RII,
N681HC,IHC Health Services,05/24/2026,6928.60,4408,21 20-00-202,Airframe,6928.60,,4408,,INSPECTION,None,RII,,OPERATIONAL TEST AVIONICS EXHAUST FAN LOW SPEED DETECTOR,AMM 21-24-22-710-801,604-96001-1,C01300112,,,,TASK HAS FALLEN OUT OF PHASE WITH THE GROUPING. PLEASE CONFIRM IF IT SHOULD REMAIN IN THE GROUPING,07/24/2024,5928.20,3954,,,0,0,1200.00,0,0.00,0.00,,,40.00,,,,,,7128.20,,,,,,,,,,,,199.60,,,,,,,,No,10+ Days,,09/17/2026,,,,,,,,,,RII; Customer Review,
N681HC,IHC Health Services,05/24/2026,6928.60,4408,23 71-00-202,Airframe,6928.60,,4408,,INSPECTION,,MRB,,OPERATIONAL TEST CVR SYSTEM,AMM 23-71-00-710-801,,,,,,,07/24/2024,5928.20,3954,,,0,0,1200.00,0,0.00,0.00,,,40.00,,,,,,7128.20,,,,,,,,,,,,199.60,,,,,,,,No,10+ Days,,09/17/2026,,,,,,,,,,,
N681HC,IHC Health Services,05/24/2026,6928.60,4408,24 30-00-204,Airframe,6928.60,,4408,,INSPECTION,,MRB,,OPERATIONAL TEST DC ESSENTIAL BUS,AMM 24-61-00-710-803,,,,,,TASK HAS FALLEN OUT OF PHASE WITH THE GROUPING. PLEASE CONFIRM IF IT SHOULD REMAIN IN THE GROUPING,07/24/2024,5928.20,3954,,,0,0,1200.00,0,0.00,0.00,,,40.00,,,,,,7128.20,,,,,,,,,,,,199.60,,,,,,,,No,10+ Days,,09/17/2026,,,,,,,,,,Customer Review,
N681HC,IHC Health Services,05/24/2026,6928.60,4408,24 30-00-206,Airframe,6928.60,,4408,,INSPECTION,,MRB,,OPERATIONAL TEST DC EMERGENCY BUS,AMM 24-61-00-710-802,,,,,,TASK HAS FALLEN OUT OF PHASE WITH THE GROUPING. PLEASE CONFIRM IF IT SHOULD REMAIN IN THE GROUPING,07/24/2024,5928.20,3954,,,0,0,1200.00,0,0.00,0.00,,,40.00,,,,,,7128.20,,,,,,,,,,,,199.60,,,,,,,,No,10+ Days,,09/17/2026,,,,,,,,,,Customer Review,
N681HC,IHC Health Services,05/24/2026,6928.60,4408,26 13-04-201,Airframe,6928.60,,4408,,INSPECTION,,MRB,,VISUAL CHECK MAIN LANDING GEAR SENSING ELEMENT,AMM 26-13-04-210-801,,,,,,,07/24/2024,5928.20,3954,,,0,0,1200.00,0,0.00,0.00,,,40.00,,,,,,7128.20,,,,,,,,,,,,199.60,,,,,,,,No,10+ Days,,09/17/2026,,,,,,,,,,,
N681HC,IHC Health Services,05/24/2026,6928.60,4408,27 30-00-202,Airframe,6928.60,,4408,,INSPECTION,,MRB,,GENERAL VISUAL INSPECTION ELEVATOR POWER-CONTROL-UNIT (PCU) CENTERING SPRING,AMM 27-33-01-210-801,,,,,,,07/24/2024,5928.20,3954,,,0,0,1200.00,0,0.00,0.00,,,40.00,,,,,,7128.20,,,,,,,,,,,,199.60,,,,,,,,No,10+ Days,,09/17/2026,,,,,,,,,,,
N681HC,IHC Health Services,05/24/2026,6928.60,4408,27 50-00-201,Airframe,6928.60,,4408,,INSPECTION,,MRB,,FUNCTIONAL TEST ASYMMETRY/OVERSPEED DETECTOR AND BRAKE UNIT,AMM 27-51-07-720-801,,,,,,TASK HAS FALLEN OUT OF PHASE WITH THE GROUPING. PLEASE CONFIRM IF IT SHOULD REMAIN IN THE GROUPING,07/24/2024,5928.20,3954,,,0,0,1200.00,0,0.00,0.00,,,40.00,,,,,,7128.20,,,,,,,,,,,,199.60,,,,,,,,No,10+ Days,,09/17/2026,,,,,,,,,,Customer Review,
N681HC,IHC Health Services,05/24/2026,6928.60,4408,28 31-00-201,Airframe,6928.60,,4408,,INSPECTION,None,RII,,OPERATIONAL TEST OF THE DUMP VALVE,AMM 28-31-01-710-801,AV16B2178-2,U02078,,,,TASK HAS FALLEN OUT OF PHASE WITH THE GROUPING. PLEASE CONFIRM IF IT SHOULD REMAIN IN THE GROUPING,07/24/2024,5928.20,3954,,,0,0,1200.00,0,0.00,0.00,,,40.00,,,,,,7128.20,,,,,,,,,,,,199.60,,,,,,,,No,10+ Days,,09/17/2026,,,,,,,,,,RII; Customer Review,
N681HC,IHC Health Services,05/24/2026,6928.60,4408,30 81-00-201,Airframe,6928.60,,4408,,INSPECTION,None,RII,,OPERATIONAL TEST ICE DETECTION SYSTEM,AMM 30-81-00-710-801,604-51262-1,573,,,,TASK HAS FALLEN OUT OF PHASE WITH THE GROUPING. PLEASE CONFIRM IF IT SHOULD REMAIN IN THE GROUPING,07/24/2024,5928.20,3954,,,0,0,1200.00,0,0.00,0.00,,,40.00,,,,,,7128.20,,,,,,,,,,,,199.60,,,,,,,,No,10+ Days,,09/17/2026,,,,,,,,,,RII; Customer Review,
N681HC,IHC Health Services,05/24/2026,6928.60,4408,32 00-01-202,Airframe,6928.60,,4408,,INSPECTION,,MRB,,FUNCTIONAL TEST MLG SHOCK STRUT ASSEMBLY,AMM 32-11-07-720-801,,,,,,,07/24/2024,5928.20,3954,,,0,0,1200.00,0,0.00,0.00,,,40.00,,,,,,7128.20,,,,,,,,,,,,199.60,,,,,,,,No,10+ Days,,09/17/2026,,,,,,,,,,,
N681HC,IHC Health Services,05/24/2026,6928.60,4408,32 00-01-203,Airframe,6928.60,,4408,,INSPECTION,,MRB,,FUNCTIONAL TEST NLG SHOCK STRUT ASSEMBLY,AMM 32-21-16-720-801,,,,,,,07/24/2024,5928.20,3954,,,0,0,1200.00,0,0.00,0.00,,,40.00,,,,,,7128.20,,,,,,,,,,,,199.60,,,,,,,,No,10+ Days,,09/17/2026,,,,,,,,,,,
N681HC,IHC Health Services,05/24/2026,6928.60,4408,72 20-00-211,Engine 1,6928.60,4408.00,,,INSPECTION,,MRB,,NO. 1 ENGINE - GENERAL VISUAL INSPECTION EXTERIOR OF ENGINE FAN CASE & BLADE-CONTAINMENT CASE,AMM 72-20-00-210-806,,,,,,,07/23/2024,5928.20,,3954.00,,0,0,1200.00,0,0.00,0.00,,,40.00,,,,,,7128.20,,,,,,,,,,,,199.60,,,,,,,,No,10+ Days,,09/17/2026,,,,,,,,,,,
N681HC,IHC Health Services,05/24/2026,6928.60,4408,72 20-00-211,Engine 2,6928.60,4408.00,,,INSPECTION,,MRB,,NO. 2 ENGINE - GENERAL VISUAL INSPECTION EXTERIOR OF ENGINE FAN CASE & BLADE-CONTAINMENT CASE,AMM 72-20-00-210-806,,,,,,,07/23/2024,5928.20,,3954.00,,0,0,1200.00,0,0.00,0.00,,,40.00,,,,,,7128.20,,,,,,,,,,,,199.60,,,,,,,,No,10+ Days,,09/17/2026,,,,,,,,,,,
N681HC,IHC Health Services,05/24/2026,6928.60,4408,73 10-00-202,Engine 1,6928.60,4408.00,,,INSPECTION,,MRB,,NO. 1 ENGINE - VISUAL CHECK ENG FUEL FILTER MECH ACTUAL BYPASS INDICATOR,AMM 73-11-04-210-801,,,,,,,07/23/2024,5928.20,,3954.00,,0,0,1200.00,0,0.00,0.00,,,40.00,,,,,,7128.20,,,,,,,,,,,,199.60,,,,,,,,No,10+ Days,,09/17/2026,,,,,,,,,,,
N681HC,IHC Health Services,05/24/2026,6928.60,4408,73 10-00-202,Engine 2,6928.60,4408.00,,,INSPECTION,,MRB,,NO. 2 ENGINE - VISUAL CHECK ENG FUEL FILTER MECH ACTUAL BYPASS INDICATOR,AMM 73-11-04-210-801,,,,,,,07/23/2024,5928.20,,3954.00,,0,0,1200.00,0,0.00,0.00,,,40.00,,,,,,7128.20,,,,,,,,,,,,199.60,,,,,,,,No,10+ Days,,09/17/2026,,,,,,,,,,,
N681HC,IHC Health Services,05/24/2026,6928.60,4408,76 11-01-204,Airframe,6928.60,,4408,,INSPECTION,,MRB,,GENERAL VISUAL INSPECTION ENGINE THROTTLE PUSH/PULL CONTROL ASSEMBLY,AMM 76-11-10-210-801,,,,,,,07/23/2024,5928.20,3954,,,0,0,1200.00,0,0.00,0.00,,,40.00,,,,,,7128.20,,,,,,,,,,,,199.60,,,,,,,,No,10+ Days,,09/17/2026,,,,,,,,,,,
N681HC,IHC Health Services,05/24/2026,6928.60,4408,52 40-00-201,Airframe,6928.60,,4408,,INSPECTION,,MRB,,OPERATIONAL TEST ADG DOOR OPERATING MECHANISM,AMM 52-44-01-710-801,,,,,,,07/25/2024,5930.50,3956,,,0,0,1200.00,0,0.00,0.00,,,40.00,,,,,,7130.50,,,,,,,,,,,,201.90,,,,,,,,No,10+ Days,,09/19/2026,,,,,,,,,,,
N681HC,IHC Health Services,05/24/2026,6928.60,4408,21 30-00-205,Airframe,6928.60,,4408,,INSPECTION,,MRB,,OPERATIONAL TEST OF THE EMERGENCY DEPRESS SWITCH/LIGHT,AMM 21-31-00-710-803,,,,,,,06/17/2020,4741.52,3234,,,0,0,2400.00,0,0.00,0.00,,,40.00,,,,,,7141.52,,,,,,,,,,,,212.92,,,,,,,,No,10+ Days,,09/25/2026,,,,,,,,,,,
N681HC,IHC Health Services,05/24/2026,6928.60,4408,21 50-00-201,Airframe,6928.60,,4408,,INSPECTION,None,RII,,OPERATIONAL TEST EMERGENCY RAM AIR SHUTOFF VALVE,AMM 21-52-10-710-801,398724-1-1,1410,,,,,06/17/2020,4741.52,3234,,,0,0,2400.00,0,0.00,0.00,,,40.00,,,,,,7141.52,,,,,,,,,,,,212.92,,,,,,,,No,10+ Days,,09/25/2026,,,,,,,,,,RII,
N681HC,IHC Health Services,05/24/2026,6928.60,4408,24 20-00-201,Airframe,6928.60,,4408,,INSPECTION,,RII,,DISCARD IDG CHARGE (OIL-IN) FILTER ELEMENT,AMM 24-12-10-960-801,,,,,,,06/17/2020,4741.52,3234,,,0,0,2400.00,0,0.00,0.00,,,40.00,,,,,,7141.52,,,,,,,,,,,,212.92,,,,,,,,No,10+ Days,,09/25/2026,,,,,,,,,,RII,
N681HC,IHC Health Services,05/24/2026,6928.60,4408,24 20-00-202,Airframe,6928.60,,4408,,INSPECTION,None,RII,,DISCARD NO. 1 IDG GENERATOR SCAVENGE (OIL-OUT) FILTER ELEMENT,AMM 24-12-16-960-801,731579C,1097/3868,,,,,06/17/2020,4741.52,3234,,,0,0,2400.00,0,0.00,0.00,,,40.00,,,,,,7141.52,,,,,,,,,,,,212.92,,,,,,,,No,10+ Days,,09/25/2026,,,,,,,,,,RII,
N681HC,IHC Health Services,05/24/2026,6928.60,4408,24 20-00-202,Airframe,6928.60,,4408,,INSPECTION,None,RII,,DISCARD NO. 2 IDG GENERATOR SCAVENGE (OIL-OUT) FILTER ELEMENT,AMM 24-12-16-960-801,731579C,1101/3929,,,,,06/17/2020,4741.52,3234,,,0,0,2400.00,0,0.00,0.00,,,40.00,,,,,,7141.52,,,,,,,,,,,,212.92,,,,,,,,No,10+ Days,,09/25/2026,,,,,,,,,,RII,00219241
N681HC,IHC Health Services,05/24/2026,6928.60,4408,26 20-00-204,Airframe,6928.60,,4408,,INSPECTION,,MRB,,FUNCTIONAL TEST ENGINE FIRE SHUTOFF-RELAY CIRCUITRY,AMM 26-20-00-720-801,,,,,,,06/17/2020,4741.52,3234,,,0,0,2400.00,0,0.00,0.00,,,40.00,,,,,,7141.52,,,,,,,,,,,,212.92,,,,,,,,No,10+ Days,,09/25/2026,,,,,,,,,,,
N681HC,IHC Health Services,05/24/2026,6928.60,4408,27 50-00-202,Airframe,6928.60,,4408,,INSPECTION,,RII,,DETAILED INSPECTION LEFT NO.1 FLEXIBLE DRIVE SHAFT,AMM 27-53-07-220-801,,,,,,,06/17/2020,4741.52,3234,,,0,0,2400.00,0,0.00,0.00,,,40.00,,,,,,7141.52,,,,,,,,,,,,212.92,,,,,,,,No,10+ Days,,09/25/2026,,,,,,,,,,RII,
N681HC,IHC Health Services,05/24/2026,6928.60,4408,27 50-00-202,Airframe,6928.60,,4408,,INSPECTION,,RII,,DETAILED INSPECTION LEFT NO.2 FLEXIBLE DRIVE SHAFT,AMM 27-53-07-220-801,,,,,,,06/17/2020,4741.52,3234,,,0,0,2400.00,0,0.00,0.00,,,40.00,,,,,,7141.52,,,,,,,,,,,,212.92,,,,,,,,No,10+ Days,,09/25/2026,,,,,,,,,,RII,
N681HC,IHC Health Services,05/24/2026,6928.60,4408,27 50-00-202,Airframe,6928.60,,4408,,INSPECTION,,RII,,DETAILED INSPECTION LEFT NO.3 FLEXIBLE DRIVE SHAFT,AMM 27-53-07-220-801,,,,,,,06/17/2020,4741.52,,,,0,0,2400.00,0,0.00,0.00,,,40.00,,,,,,7141.52,,,,,,,,,,,,212.92,,,,,,,,No,10+ Days,,09/25/2026,,,,,,,,,,RII,
N681HC,IHC Health Services,05/24/2026,6928.60,4408,27 50-00-202,Airframe,6928.60,,4408,,INSPECTION,,RII,,DETAILED INSPECTION LEFT NO.4 FLEXIBLE DRIVE SHAFT,AMM 27-53-07-220-801,,,,,,,06/17/2020,4741.52,3234,,,0,0,2400.00,0,0.00,0.00,,,40.00,,,,,,7141.52,,,,,,,,,,,,212.92,,,,,,,,No,10+ Days,,09/25/2026,,,,,,,,,,RII,
N681HC,IHC Health Services,05/24/2026,6928.60,4408,27 50-00-202,Airframe,6928.60,,4408,,INSPECTION,,RII,,DETAILED INSPECTION LEFT NO.5 FLEXIBLE DRIVE SHAFT,AMM 27-53-07-220-801,,,,,,,06/17/2020,4741.52,3234,,,0,0,2400.00,0,0.00,0.00,,,40.00,,,,,,7141.52,,,,,,,,,,,,212.92,,,,,,,,No,10+ Days,,09/25/2026,,,,,,,,,,RII,
N681HC,IHC Health Services,05/24/2026,6928.60,4408,27 50-00-202,Airframe,6928.60,,4408,,INSPECTION,,RII,,DETAILED INSPECTION RIGHT NO. 1 FLEXIBLE DRIVE SHAFT,AMM 27-53-07-220-801,,,,,,,06/17/2020,4741.52,3234,,,0,0,2400.00,0,0.00,0.00,,,40.00,,,,,,7141.52,,,,,,,,,,,,212.92,,,,,,,,No,10+ Days,,09/25/2026,,,,,,,,,,RII,
N681HC,IHC Health Services,05/24/2026,6928.60,4408,27 50-00-202,Airframe,6928.60,,4408,,INSPECTION,,RII,,DETAILED INSPECTION RIGHT NO. 2 FLEXIBLE DRIVE SHAFT,AMM 27-53-07-220-801,,,,,,,06/17/2020,4741.52,3234,,,0,0,2400.00,0,0.00,0.00,,,40.00,,,,,,7141.52,,,,,,,,,,,,212.92,,,,,,,,No,10+ Days,,09/25/2026,,,,,,,,,,RII,
N681HC,IHC Health Services,05/24/2026,6928.60,4408,27 50-00-202,Airframe,6928.60,,4408,,INSPECTION,,RII,,DETAILED INSPECTION RIGHT NO. 3 FLEXIBLE DRIVE SHAFT,AMM 27-53-07-220-801,,,,,,,06/17/2020,4741.52,3234,,,0,0,2400.00,0,0.00,0.00,,,40.00,,,,,,7141.52,,,,,,,,,,,,212.92,,,,,,,,No,10+ Days,,09/25/2026,,,,,,,,,,RII,
N681HC,IHC Health Services,05/24/2026,6928.60,4408,27 50-00-202,Airframe,6928.60,,4408,,INSPECTION,,RII,,DETAILED INSPECTION RIGHT NO. 4 FLEXIBLE DRIVE SHAFT,AMM 27-53-07-220-801,,,,,,,06/17/2020,4741.52,3234,,,0,0,2400.00,0,0.00,0.00,,,40.00,,,,,,7141.52,,,,,,,,,,,,212.92,,,,,,,,No,10+ Days,,09/25/2026,,,,,,,,,,RII,
N681HC,IHC Health Services,05/24/2026,6928.60,4408,27 50-00-202,Airframe,6928.60,,4408,,INSPECTION,,RII,,DETAILED INSPECTION RIGHT NO. 5 FLEXIBLE DRIVE SHAFT,AMM 27-53-07-220-801,,,,,,,06/17/2020,4741.52,3234,,,0,0,2400.00,0,0.00,0.00,,,40.00,,,,,,7141.52,,,,,,,,,,,,212.92,,,,,,,,No,10+ Days,,09/25/2026,,,,,,,,,,RII,
N681HC,IHC Health Services,05/24/2026,6928.60,4408,27 50-00-208,Airframe,6928.60,,4408,,INSPECTION,,MRB,,FUNCTIONAL TEST INBOARD AND OUTBOARD FLAP ACTUATORS,AMM 27-53-00-720-801,,,,,,,06/17/2020,4741.52,3234,,,0,0,2400.00,0,0.00,0.00,,,40.00,,,,,,7141.52,,,,,,,,,,,,212.92,,,,,,,,No,10+ Days,,09/25/2026,,,,,,,,,,,
N681HC,IHC Health Services,05/24/2026,6928.60,4408,28 24-00-101,Airframe,6928.60,,4408,,INSPECTION,,CMR,,OPERATIONAL TEST APU FUEL FEED AND SOV & NEGATIVE-G SOV FOR LEAKS,AMM 28-24-00-710-801,,,,,,,06/17/2020,4741.52,3234,,,0,0,2400.00,0,0.00,0.00,,,,,,,,,7141.52,,,,,,,,,,,,212.92,,,,,,,,No,10+ Days,,09/25/2026,,,,,,,,,,,
N681HC,IHC Health Services,05/24/2026,6928.60,4408,30 10-00-201,Airframe,6928.60,,4408,,INSPECTION,,MRB,,FUNCTIONAL TEST SENSOR DETECTION CIRCUIT,AMM 30-12-19-720-801,,,,,,,06/17/2020,4741.52,3234,,,0,0,2400.00,0,0.00,0.00,,,40.00,,,,,,7141.52,,,,,,,,,,,,212.92,,,,,,,,No,10+ Days,,09/25/2026,,,,,,,,,,,
N681HC,IHC Health Services,05/24/2026,6928.60,4408,30 12-00-102,Airframe,6928.60,,4408,,INSPECTION,,CMR,,FUNCTIONAL TEST OF LOW TEMP GROUND WING ANTI-ICE(LTGWAIS) OVERHEAT CIRCUIT (POST SB 604-30-004),AMM 30-12-25-720-801,,,,,,INTERVAL ADDED PER THE MPD. PLEASE CONFIRM LAST COMPLIANCE,06/17/2020,4741.52,3234,,,0,0,2400.00,0,0.00,0.00,,,,,,,,,7141.52,,,,,,,,,,,,212.92,,,,,,,,No,10+ Days,,09/25/2026,,,,,,,,,,,
N681HC,IHC Health Services,05/24/2026,6928.60,4408,31 41-04-202,Airframe,6928.60,,4408,,INSPECTION,,MRB,,FUNCTIONAL TEST DCU AURAL WARNING,AMM 31-41-04-720-801,,,,,,,06/17/2020,4741.52,3234,,,0,0,2400.00,0,0.00,0.00,,,40.00,,,,,,7141.52,,,,,,,,,,,,212.92,,,,,,,,No,10+ Days,,09/25/2026,,,,,,,,,,,
N681HC,IHC Health Services,05/24/2026,6928.60,4408,52 10-00-201,Airframe,6928.60,,4408,,INSPECTION,,MRB,,FUNCTIONAL TEST PASSENGER DOOR LATCH MECHANISM,AMM 52-11-04-720-801,,,,,,,06/17/2020,4741.52,3234,,,0,0,2400.00,0,0.00,0.00,,,40.00,,,,,,7141.52,,,,,,,,,,,,212.92,,,,,,,,No,10+ Days,,09/25/2026,,,,,,,,,,,
N681HC,IHC Health Services,05/24/2026,6928.60,4408,71 12-00-202,Airframe,6928.60,,4408,,INSPECTION,,MRB,,DETAILED INSPECTION OF THE CORE BLOW-OUT DOORS,AMM 71-12-01-220-802,,,,,,,06/17/2020,4741.52,3234,,,0,0,2400.00,0,0.00,0.00,,,40.00,,,,,,7141.52,,,,,,,,,,,,212.92,,,,,,,,No,10+ Days,,09/25/2026,,,,,,,,,,,
N681HC,IHC Health Services,05/24/2026,6928.60,4408,71 13-00-201,Airframe,6928.60,,4408,,INSPECTION,,MRB,,DETAILED INSPECTION OF THRUST REVERSER SLIDER BLOCKS,AMM 78-34-10-220-801,,,,,,,06/17/2020,4741.52,3234,,,0,0,2400.00,0,0.00,0.00,,,40.00,,,,,,7141.52,,,,,,,,,,,,212.92,,,,,,,,No,10+ Days,,09/25/2026,,,,,,,,,,,
N681HC,IHC Health Services,05/24/2026,6928.60,4408,72 50-00-208,Engine 1,6928.60,4408.00,,,INSPECTION,,MRB,,NO. 1 ENGINE - VISUAL CHECK EXHAUST CENTERBODY,AMM 72-50-00-210-801,,,,,,,12/17/2020,4741.52,,3224.00,,0,0,2400.00,0,0.00,0.00,,,40.00,,,,,,7141.52,,,,,,,,,,,,212.92,,,,,,,,No,10+ Days,,09/25/2026,,,,,,,,,,,
N681HC,IHC Health Services,05/24/2026,6928.60,4408,72 50-00-208,Engine 2,6928.60,4408.00,,,INSPECTION,,MRB,,NO. 2 ENGINE - VISUAL CHECK EXHAUST CENTERBODY,AMM 72-50-00-210-801,,,,,,,12/17/2020,4741.52,,3224.00,,0,0,2400.00,0,0.00,0.00,,,40.00,,,,,,7141.52,,,,,,,,,,,,212.92,,,,,,,,No,10+ Days,,09/25/2026,,,,,,,,,,,
N681HC,IHC Health Services,05/24/2026,6928.60,4408,73 10-00-204,Engine 1,6928.60,4408.00,,,INSPECTION,,MRB,,NO. 1 ENGINE - DETAILED INSPECTION ENGINE FUEL MANIFOLD,AMM 73-11-13-220-801,,,,,,,12/17/2020,4741.52,,3224.00,,0,0,2400.00,0,0.00,0.00,,,40.00,,,,,,7141.52,,,,,,,,,,,,212.92,,,,,,,,No,10+ Days,,09/25/2026,,,,,,,,,,,
N681HC,IHC Health Services,05/24/2026,6928.60,4408,73 10-00-204,Engine 2,6928.60,4408.00,,,INSPECTION,,MRB,,NO. 2 ENGINE - DETAILED INSPECTION ENGINE FUEL MANIFOLD,AMM 73-11-13-220-801,,,,,,,12/17/2020,4741.52,,3224.00,,0,0,2400.00,0,0.00,0.00,,,40.00,,,,,,7141.52,,,,,,,,,,,,212.92,,,,,,,,No,10+ Days,,09/25/2026,,,,,,,,,,,
N681HC,IHC Health Services,05/24/2026,6928.60,4408,78 30-00-203,Airframe,6928.60,,4408,,INSPECTION,,MRB,,VISUAL CHECK LUBRICATION OF THE THRUST-REVERSER FLEXSHAFTS,AMM 12-20-04-640-814,,,,,,,06/17/2020,4741.52,3234,,,0,0,2400.00,0,0.00,0.00,,,40.00,,,,,,7141.52,,,,,,,,,,,,212.92,,,,,,,,No,10+ Days,,09/25/2026,,,,,,,,,,,00219241
N681HC,IHC Health Services,05/24/2026,6928.60,4408,78 30-00-204,Airframe,6928.60,,4408,,INSPECTION,,MRB,,DETAILED INSPECTION OF THE FLEXSHAFT DRIVE,AMM 78-32-07-220-801,,,,,,,06/17/2020,4741.52,3234,,,0,0,2400.00,0,0.00,0.00,,,40.00,,,,,,7141.52,,,,,,,,,,,,212.92,,,,,,,,No,10+ Days,,09/25/2026,,,,,,,,,,,
N581HC,IHC Health Services,12/09/2025,6755.90,6977,05 12-25,Airframe,6755.90,,6977,,INSPECTION,,,,NON-MSG-3 INSPECTION DOCUMENT 25,Rev 12.2 04 18 2023,,,,,,,12/22/2024,6167.90,6330,,,0,0,900.00,0,0.00,0.00,,,30.00,,,,,,7067.90,,,,,,,,,,,,312.00,,,,,,,,No,10+ Days,,09/28/2026,,,,,,,,,,Revision B200; Revision CJ4,
N581HC,IHC Health Services,12/09/2025,6755.90,6977,04 12-MI,Airframe,6755.90,,6977,,INSPECTION,,AIRWORTHINESS,,INSPECTION DOCUMENT MI,Rev 12.2 04 18 2023,,,,,,,01/30/2025,6271.80,6444,,,0,0,800.00,0,0.00,0.00,,,,,,,,,7071.80,,,,,,,,,,,,315.90,,,,,,,,No,10+ Days,,09/30/2026,,,,,,,,,,Revision B200; Revision CJ4,
N581HC,IHC Health Services,12/09/2025,6755.90,6977,21 31-00-7200,Airframe,6755.90,,6977,,INSPECTION,,,DOC MI,PRESSURIZATION SYSTEM FUNCTIONAL CHECK - TASK 21-31-00-7200 (INSPECTION DOCUMENT MI),Rev 12.2 04 18 2023,,,,,,,01/30/2025,6271.80,6444,,,0,0,800.00,0,0.00,0.00,,,,,,,,,7071.80,,,,,,,,,,,,315.90,,,,,,,,No,10+ Days,,09/30/2026,,,,,,,,,,,
N581HC,IHC Health Services,12/09/2025,6755.90,6977,05 12-09,Airframe,6755.90,,6977,,INSPECTION,,,,NON-MSG-3 INSPECTION DOCUMENT 09,Rev 12.2 04 18 2023,,,,,,,02/12/2024,5473.10,5499,,,0,48,1600.00,0,0.00,0.00,2,,30.00,,,,02/12/2028,,7073.10,,,,,,,,17,,20,,317.20,,,,,,,,No,10+ Days,,09/30/2026,,,,,,,,,,Revision B200; Revision CJ4,
N681HC,IHC Health Services,05/24/2026,6928.60,4408,SB 604-28-022 R3,Airframe,6928.60,,4408,,SB,,,,SPECIAL CHECK - STANDBY FUEL FEED SYSTEM AND AUXILIARY POWER UNIT (APU) FUEL FEED SYSTEM - ENGINE AND APU ELECTRICAL FUEL PUMP CARTRIDGE/CANISTER FUEL LEAKAGE (REV. 3),,,,,,,,10/02/2025,6555.10,4254,,,,12,600.00,,,,,,,,,,10/02/2026,,7155.10,,,,,,,,6,,4,,226.50,,,,,,,,No,10+ Days,,10/02/2026,,,,,,,,,,,
N681HC,IHC Health Services,05/24/2026,6928.60,4408,AD 2021-26-23 AMD 39-21882,Airframe,6928.60,,4408,,AD,,,,THE FAA IS ISSUING THIS AD TO ADDRESS THE POTENTIAL FOR A FIRE HAZARD AS A RESULT OF FUEL LEAK FROM THE APU EFP ELECTRICAL CONDUIT IN THE HOT LANDING LIGHT COMPARTMENT. (25 FEBRUARY 2022),,,,,,,,10/02/2025,6555.10,4254,,,,12,600.00,,,,,,,,,,10/02/2026,,7155.10,,,,,,,,6,,4,,226.50,,,,,,,,No,10+ Days,,10/02/2026,,,,,,,,,,,
N581HC,IHC Health Services,12/09/2025,6755.90,6977,04 12-MA,Airframe,6755.90,,6977,,INSPECTION,,AIRWORTHINESS,,INSPECTION DOCUMENT MA,Rev 12.2 04 18 2023,,,,,,,08/15/2024,5906.00,6003,,,0,0,1200.00,0,0.00,0.00,,,,,,,,,7106.00,,,,,,,,,,,,350.10,,,,,,,,No,10+ Days,,10/13/2026,,,,,,,,,,Revision B200; Revision CJ4,
N581HC,IHC Health Services,12/09/2025,6755.90,6977,30 13-10-7200,Airframe,6755.90,,6977,,INSPECTION,,,DOC MA,TAIL DEICE PRESSURE SWITCH FUNCTIONAL CHECK - TASK 30-13-10-7200 (INSPECTION DOCUMENT MA),Rev 12.2 04 18 2023,,,,,,,08/14/2024,5906.00,6003,,,0,0,1200.00,0,0.00,0.00,,,,,,,,,7106.00,,,,,,,,,,,,350.10,,,,,,,,No,10+ Days,,10/13/2026,,,,,,,,,,,
N581HC,IHC Health Services,12/09/2025,6755.90,6977,52 00-00-2200,Airframe,6755.90,,6977,,INSPECTION,,,DOC MA,CABIN DOOR AND ESCAPE HATCH SKINS DETAILED INSPECTION - TASK 52-00-00-2200 (INSPECTION DOCUMENT MA),Rev 12.2 04 18 2023,,,,,,,08/15/2024,5906.00,6003,,,0,0,1200.00,0,0.00,0.00,,,,,,,,,7106.00,,,,,,,,,,,,350.10,,,,,,,,No,10+ Days,,10/13/2026,,,,,,,,,,,
N581HC,IHC Health Services,12/09/2025,6755.90,6977,53 00-00-2202,Airframe,6755.90,,6977,,INSPECTION,,,DOC MA,CABIN SKINS DETAILED INSPECTION - TASK 53-00-00-2202 (INSPECTION DOCUMENT MA),Rev 12.2 04 18 2023,,,,,,,08/15/2024,5906.00,6003,,,0,0,1200.00,0,0.00,0.00,,,,,,,,,7106.00,,,,,,,,,,,,350.10,,,,,,,,No,10+ Days,,10/13/2026,,,,,,,,,,,
N681HC,IHC Health Services,05/24/2026,6928.60,4408,AD 2022-20-05 AMD 39-22189,Airframe,6928.60,,4408,,AD,,,,"A REPORT THAT SOME RUDDER PCU LOAD LIMITERS WERE FOUND IN SERVICE WITH THE CRIMPING MISSING FROM THE END CAP; THEREFORE, THE PILOT COMMAND FROM THE LOAD LIMITER MIGHT NOT TRANSMIT CORRECTLY. THE FAA IS ISSUING THIS AD TO ADDRESS DEFECTIVE RUDDER PCU LOAD LIMITERS, WHICH COULD RESULT IN INCORRECT TRANSMISSION OF THE PILOT COMMAND, AND LOSS OF CONTROL OF THE RUDDER. (EFFECTIVE 25 NOVEMBER 2022)",,,,,,,"INDICATED NEXT DUE DATE IS AD EFFECTIVE DATE. PLEASE NOTIFY FLIGHTDOCS OF APPLICABILITY, PRIOR COMPLIANCE, AND/ OR SCHEDULING REQUIREMENTS. ADDITIONALLY, INCLUDE ANY INSTRUCTIONS FOR THE CONTROL OF CORRELATED SUB PARTS.",,,,,,,,,,,,,,,,,,,,7218.84,,,,,,,,,,,,290.24,,,,,,,,No,10+ Days,,11/08/2026,,,,,,,,,,,
N581HC,IHC Health Services,12/09/2025,6755.90,6977,05 12-34,Airframe,6755.90,,6977,,INSPECTION,,,,NON-MSG-3 INSPECTION DOCUMENT 34,Rev 12.2 04 18 2023,,,,,,,,0.00,,,,0,0,7200.00,0,0.00,0.00,0,0,30.00,0,0.00,0.00,,,7200.00,,,,,,,,,,,,444.10,,,,,,,,No,10+ Days,,11/20/2026,,,,,,,,,,Revision B200; Revision CJ4,
N581HC,IHC Health Services,12/09/2025,6755.90,6977,73 1025,Engine 1,6518.80,6576.00,,,INSPECTION,,RII,,NO. 1 ENGINE - CHANGE FUEL PUMP FILTER,"Issue No. 043, Jan 15/2024",,,,,,"FUEL PUMP FILTER HAS BEEN UPDATED TO EVERY OTHER CHECK 2 INSPECTION WITH A 120 HOUR TOLERANCE.  ADJUSTED TIMES FROM THE LAST CHECK 2.
NOTE: REVIEW ENGINE LOGBOOK FOR LAST FUEL FILTER REPLACEMENT. IF FUEL FILTER WILL EXCEED THIS INSPECTION’S INTERVAL BY THE NEXT CHECK 2, REPLACE THE FUEL FILTER AND RECORD A NEW ENGINE LOGBOOK ENTRY INDICATING THE FUEL FILTER REPLACEMENT.
(COINCIDES WITH EVERY OTHER CHECK 2)
NOTES: (1) SPECIFIED INSPECTION INTERVALS SHALL NOT BE EXCEEDED BY MORE THAN 120 ENGINE OPERATING HOURS.
(2) PRIOR TO MANUAL REVISION 42, NOV 13/2023, THE FUEL FILTER WAS REPLACED AT EVERY CHECK 2 INSPECTION.",10/14/2024,5765.90,,5725.00,,0,0,1200.00,0,0.00,0.00,,,120.00,,,,,,6965.90,,,,,,,,,,,,447.10,,,,,,,,No,10+ Days,,11/21/2026,,,,,,,,,,,
N581HC,IHC Health Services,12/09/2025,6755.90,6977,73 1025,Engine 2,6518.80,6576.00,,,INSPECTION,,RII,,NO. 2 ENGINE - CHANGE FUEL PUMP FILTER,"Issue No. 043, Jan 15/2024",,,,,,"FUEL PUMP FILTER HAS BEEN UPDATED TO EVERY OTHER CHECK 2 INSPECTION WITH A 120 HOUR TOLERANCE.  ADJUSTED TIMES FROM THE LAST CHECK 2.
NOTE: REVIEW ENGINE LOGBOOK FOR LAST FUEL FILTER REPLACEMENT. IF FUEL FILTER WILL EXCEED THIS INSPECTION’S INTERVAL BY THE NEXT CHECK 2, REPLACE THE FUEL FILTER AND RECORD A NEW ENGINE LOGBOOK ENTRY INDICATING THE FUEL FILTER REPLACEMENT.
(COINCIDES WITH EVERY OTHER CHECK 2)
NOTES: (1) SPECIFIED INSPECTION INTERVALS SHALL NOT BE EXCEEDED BY MORE THAN 120 ENGINE OPERATING HOURS.
(2) PRIOR TO MANUAL REVISION 42, NOV 13/2023, THE FUEL FILTER WAS REPLACED AT EVERY CHECK 2 INSPECTION.",10/14/2024,5765.90,,5725.00,,0,0,1200.00,0,0.00,0.00,,,120.00,,,,,,6965.90,,,,,,,,,,,,447.10,,,,,,,,No,10+ Days,,11/21/2026,,,,,,,,,,,
N681HC,IHC Health Services,05/24/2026,6928.60,4408,27 41-00-101,Airframe,6928.60,,4408,,INSPECTION,,CMR,,OPERATIONAL TEST (BITE) OF THE HORIZONTAL STABILIZER TRIM CONTROL SYSTEM (HSTCS),AMM 27-41-00-740-801,,,,,,,10/28/2025,6602.40,4271,,,0,0,640.00,0,0.00,0.00,,,,,,,,,7242.40,,,,,,,,,,,,313.80,,,,,,,,No,10+ Days,,11/22/2026,,,,,,,,,,,
N581HC,IHC Health Services,12/09/2025,6755.90,6977,29 11-00-960,Airframe,6755.90,,6977,,PART,Life Limited,RII,,HHYDRAULIC FILTERS DISCARD - RETURN FILTER ELEMENT,,9914672-3,5722319,,,,,04/09/2024,5608.00,5666,,,0,48,1600.00,0,0.00,0.00,,,,,,,04/09/2028,,7208.00,,,,,,,,14,,22,,452.10,,,,,,,,No,10+ Days,,11/23/2026,0,,,0.00,,,0,,,RII,
N581HC,IHC Health Services,12/09/2025,6755.90,6977,29 11-00-960,Airframe,6755.90,,6977,,PART,Life Limited,RII,,HYDRAULIC FILTERS DISCARD - BYPASS FILTER ELEMENT,,9914672-5,5726327,,,,,04/09/2024,5608.00,5666,,,0,48,1600.00,0,0.00,0.00,,,,,,,04/09/2028,,7208.00,,,,,,,,14,,22,,452.10,,,,,,,,No,10+ Days,,11/23/2026,0,,,0.00,,,0,,,RII,
N581HC,IHC Health Services,12/09/2025,6755.90,6977,29 11-00-960,Airframe,6755.90,,6977,,PART,Life Limited,RII,,HYDRAULIC FILTERS DISCARD - LINE FILTER ELEMENT,,9912579-2,5722196,,,,,04/09/2024,5608.00,5666,,,0,48,1600.00,0,0.00,0.00,,,,,,,04/09/2028,,7208.00,,,,,,,,14,,22,,452.10,,,,,,,,No,10+ Days,,11/23/2026,0,,,0.00,,,0,,,RII,
N581HC,IHC Health Services,12/09/2025,6755.90,6977,29 11-00-960,Airframe,6755.90,,6977,,PART,Life Limited,RII,,LEFT HYDRAULIC FILTERS DISCARD - NON BYPASS,,9914465-10,5722196,,,,,04/09/2024,5608.00,5666,,,0,48,1600.00,0,0.00,0.00,,,,,,,04/09/2028,,7208.00,,,,,,,,14,,22,,452.10,,,,,,,,No,10+ Days,,11/23/2026,0,,,0.00,,,0,,,RII,
N581HC,IHC Health Services,12/09/2025,6755.90,6977,29 11-00-960,Airframe,6755.90,,6977,,PART,Life Limited,RII,,RIGHT HYDRAULIC FILTERS DISCARD - NON BYPASS,,9914465-10,5722196,,,,,04/09/2024,5608.00,5666,,,0,48,1600.00,0,0.00,0.00,,,,,,,04/09/2028,,7208.00,,,,,,,,14,,22,,452.10,,,,,,,,No,10+ Days,,11/23/2026,0,,,0.00,,,0,,,RII,
N581HC,IHC Health Services,12/09/2025,6755.90,6977,32 43-50-960,Airframe,6755.90,,6977,,PART,Life Limited,RII,,BRAKE SYSTEM FILTER ELEMENT DISCARD,,9912372-1,5722196,,,,,04/09/2024,5608.00,5666,,,0,48,1600.00,0,0.00,0.00,,,,,,,04/09/2028,,7208.00,,,,,,,,14,,22,,452.10,,,,,,,,No,10+ Days,,11/23/2026,0,,,0.00,,,0,,,,
N681HC,IHC Health Services,05/24/2026,6928.60,4408,21 51-00-301,Airframe,6928.60,,4408,,INSPECTION,,MPD 3.2,COALESCER,CLEAN WATER SEPERATOR,AMM 21-51-13-160-801,,,,,,,08/20/2025,6478.20,4224,,,0,0,800.00,0,0.00,0.00,,,40.00,,,,,,7278.20,,,,,,,,,,,,349.60,,,,,,,,No,10+ Days,,12/12/2026,,,,,,,,,,,
N681HC,IHC Health Services,05/24/2026,6928.60,4408,27 50-00-104,Airframe,6928.60,,4408,,INSPECTION,,,,FUNCTIONAL TEST OF THE FLAP EXTENSION AND RETRACTION (FLAP HALF-SPEED TEST),RBR-604-111 REV NC-6,,,,,,"PHASE IN: THIS TASK MUST BE ACCOMPLISHED, AS OF THE DATE OF FEB 25/2025, WITHIN 400 HOURS OR 12 MONTHS, WHICHEVER COMES FIRST.",05/01/2026,6889.00,4393,,,0,,400.00,0,0.00,0.00,0,0,40.00,0,0.00,0.00,,,7289.00,,,,,,,,,,,,360.40,,,,,,,,No,10+ Days,,12/18/2026,,,,,,,,,,,
N681HC,IHC Health Services,05/24/2026,6928.60,4408,32 00-01-204,Airframe,6928.60,,4408,,INSPECTION,,MRB,,LUBRICATION OF THE MAIN LANDING GEAR (MLG),AMM 12-20-04-640-802,,,,,,,05/01/2026,6889.00,4393,,,0,0,400.00,0,0.00,0.00,,,40.00,,,,,,7289.00,,,,,,,,,,,,360.40,,,,,,,,No,10+ Days,,12/18/2026,,,,,,,,,,,
N681HC,IHC Health Services,05/24/2026,6928.60,4408,32 00-01-205,Airframe,6928.60,,4408,,INSPECTION,,MRB,,LUBRICATION OF THE NOSE LANDING GEAR (NLG),AMM 12-20-04-640-801,,,,,,"Complied with by Bombardier Tucson, Ref W/O 249645",05/01/2026,6889.00,4393,,,0,0,400.00,0,0.00,0.00,,,40.00,,,,,,7289.00,,,,,,,,,,,,360.40,,,,,,,,No,10+ Days,,12/18/2026,,,,,,,,,,,
N681HC,IHC Health Services,05/24/2026,6928.60,4408,32 00-01-206,Airframe,6928.60,,4408,,INSPECTION,,MRB,,LUBRICATION OF THE MAIN LANDING GEAR (MLG) DOORS,AMM 12-20-04-640-833,,,,,,,05/01/2026,6889.00,4393,,,0,0,400.00,0,0.00,0.00,,,40.00,,,,,,7289.00,,,,,,,,,,,,360.40,,,,,,,,No,10+ Days,,12/18/2026,,,,,,,,,,,
N681HC,IHC Health Services,05/24/2026,6928.60,4408,32 00-01-207,Airframe,6928.60,,4408,,INSPECTION,,MRB,,LUBRICATION NOSE LANDING GEAR (NLG) DOORS,AMM 12-20-04-640-832,,,,,,"Complied with by Bombardier Tucson, Ref W/O 249645",05/01/2026,6889.00,4393,,,0,0,400.00,0,0.00,0.00,,,40.00,,,,,,7289.00,,,,,,,,,,,,360.40,,,,,,,,No,10+ Days,,12/18/2026,,,,,,,,,,,
N681HC,IHC Health Services,05/24/2026,6928.60,4408,32 50-00-201,Airframe,6928.60,,4408,,INSPECTION,,MRB,,OPERATIONAL TEST NOSEWHEEL STEERING SELECTOR/ARMING VALVE,AMM 32-51-00-710-803,,,,,,,05/01/2026,6889.00,4393,,,0,0,400.00,0,0.00,0.00,,,40.00,,,,,,7289.00,,,,,,,,,,,,360.40,,,,,,,,No,10+ Days,,12/18/2026,,,,,,,,,,,
N681HC,IHC Health Services,05/24/2026,6928.60,4408,34 0001,Airframe,6928.60,,4408,,INSPECTION,,TLMC,,ICAO RVSM HEIGHT MONITORING REQUIREMENT,,,,,,,"THIS REQUIREMENT IS DUE EVERY 1000H OR 24M, WHICHEVER PERIOD IS LONGER. AN ACTIVE RECORDING OF HEIGHT MONITOR USB-OUT WAS TAKEN  BY NAARMO - US IGA Operators with RVSM Approval under Part 135 or Part 91 - Appendix G, Section 3, ON MAY 24, 2025.",05/24/2025,6331.00,4159,,,0,24,1000.00,0,0.00,0.00,1,,40.00,,,,05/24/2027,,7331.00,,,,,,,,28,,11,,402.40,,,,,,,,No,10+ Days,,01/11/2027,,,,,,,,,,ICA; SAFA,
N681HC,IHC Health Services,05/24/2026,6928.60,4408,AD 74-08-09 R3 AMD 39-16951,Airframe,6928.60,,4408,,AD,,,,TO PREVENT POSSIBLE FIRES THAT COULD RESULT FROM SMOKING MATERIALS BEING DROPPED INTO LAVATORY PAPER OR LINEN WASTE RECEPTACLES (REV. 3),,,,,,,,06/27/2025,6383.10,4179,,,0,0,1000.00,0,0.00,0.00,,,,,,,,,7383.10,,,,,,,,,,,,454.50,,,,,,,,No,10+ Days,,02/10/2027,,,,,,,,,,,
N346CC,IHC Health Services,05/24/2026,2614.70,2045,80 10-00-9600,Airframe,2614.70,,2045,,PART,Overhaul,OVERHAUL,,(RII) NO. 1 ENGINE STARTER - GENERATOR,,300SGL138Q-4,4588XL,,,,"See Textron Maintenance Transaction Record dated 31jan2022, Item 80-10-00-9600 / No. 1",01/31/2022,1949.90,1551,,,,,1000.00,,,,,,25.00,,,,,,2949.90,,,,,,,,,,,,335.20,,,,,,,,No,10+ Days,,04/27/2027,,,,,0.00,,,,,RII,
N346CC,IHC Health Services,05/24/2026,2614.70,2045,05 12-19,Airframe,2614.70,,2045,,INSPECTION,,,,INSPECTION DOCUMENT 19,,,,,,,"400 HOUR RECURRING INTERVAL
See Textron maintenance transaction record dated 2-10-25, item 5-12-19, No. 10",10/02/2025,2569.80,1999,,,,,400.00,,,,,,25.00,,,,,,2969.80,,,,,,,,,,,,355.10,,,,,,,,No,10+ Days,,05/16/2027,,,,,,,,,,,
N346CC,IHC Health Services,05/24/2026,2614.70,2045,73 11-00-901,Engine 2,2614.70,2045.00,,,PART,Life Limited,RII,,(RII) FUEL FILTER ELEMENT,,31J2404-01,No Lot Number,,,,"REF:  Cescom 10 Status Report
Model: 560XLS+CITATION XLS+ (MSG) Serial: 560XL-6219, 
Print date 01-Dec-2023, 
 See also, Engine Log book, Textron Aviation Date 29OCT2021",10/29/2021,1820.80,,,,,,1200.00,,,,,,25.00,,,,,,3020.80,,,,,,,,,,,,406.10,,,,,,,,No,10+ Days,,07/06/2027,,,,0.00,,,,,,RII,
N346CC,IHC Health Services,05/24/2026,2614.70,2045,73 11-00-901,Engine 1,2614.70,2045.00,,,PART,Life Limited,RII,,(RII) FUEL FILTER ELEMENT,,31J2404-01,No Lot Number,,,,"REF:  Cescom 10 Status Report
Model: 560XLS+CITATION XLS+ (MSG) Serial: 560XL-6219, 
Print date 01-Dec-2023, 
 See also, Engine Log book, Textron Aviation Date 29OCT2021",10/29/2021,1820.80,,,,,,1200.00,,,,,,25.00,,,,,,3020.80,,,,,,,,,,,,406.10,,,,,,,,No,10+ Days,,07/06/2027,,,,0.00,,,,,,RII,
N346CC,IHC Health Services,05/24/2026,2614.70,2045,80 10-00-9600,Airframe,2614.70,,2045,,PART,Overhaul,OVERHAUL,,(RII) NO. 2 ENGINE STARTER - GENERATOR,,9912499-6,S00171,,,,"See Textron Maintenance Transaction Record dated 11MAR26, Item 80-10-00-9600 / No.1",03/11/2022,2026.90,1596,,,,,1000.00,,,,,,25.00,,,,,,3026.90,,,,,,,,,,,,412.20,,,,,,,,No,10+ Days,,07/13/2027,,,,,0.00,,,,,RII,
N346CC,IHC Health Services,05/24/2026,2614.70,2045,AD AD FAA1974-08-09 R03,Airframe,2614.70,,2045,,AD,,MANDATORY,,LAVATORY PAPER OR LINEN WASTE RECEPTACLE FIRE PREVENTION (REV. 3),,,,,,,"COMPLIED WITH. See CESCOM 10 Aircraft service report print date 01DEC23. page 86, item 4.",03/11/2022,2026.90,1596,,,0,0,1000.00,0,0.00,0.00,0,0,,0,0.00,0.00,,,3026.90,,,,,,,,,,,,412.20,,,,,,,,No,10+ Days,,07/13/2027,,,,,,,,,,,
N346CC,IHC Health Services,05/24/2026,2614.70,2045,05 2000,Engine 1,2614.70,2045.00,,,INSPECTION,,,,NO. 1 ENGINE - 800 HOUR INSPECTION,,,,,,,"800 HOUR RECURRING INTERVAL
See Cescom 10 Aircraft status report, print date 01-Dec-2023",09/20/2022,2241.80,,1731.00,,0,0,800.00,0,0.00,0.00,0,0,25.00,0,0.00,0.00,,,3041.80,,,,,,,,,,,,427.10,,,,,,,,No,10+ Days,,07/27/2027,,,,,,,,,,,
N346CC,IHC Health Services,05/24/2026,2614.70,2045,05 2000,Engine 2,2614.70,2045.00,,,INSPECTION,,,,NO. 2 ENGINE - 800 HOUR INSPECTION,,,,,,,"800 HOUR RECURRING INTERVAL

See Cescom 10 Aircraft status report, print date 01-Dec-2023",09/20/2022,2241.80,,1731.00,,0,0,800.00,0,0.00,0.00,0,0,25.00,0,0.00,0.00,,,3041.80,,,,,,,,,,,,427.10,,,,,,,,No,10+ Days,,07/27/2027,,,,,,,,,,,
N301HC,IHC Health Services,05/23/2026,4227.10,3484,78 10-00-202,Engine 2,3901.70,3159.00,,,INSPECTION,,,,ENGINE EXHAUST - EMERGENCY FUEL SHUT OFF LEVER AND CALBE DETAILED INSPECTION,,,,,,,"DO AN INSPECTION THROUGH HOLE IN THE EXHAUST CONE FOR SECURITY OF CONTROL LEVER, SIGNS OF OIL LEAKS OR CARBON AT NO. 5 BEARING AREA, EXAMINE THE CABLE AND LINKAGES.",,,0,0.00,,,,1600.00,,,,,,25.00,,,,,,4330.70,,,,,,,,,,,,429.00,,,,,,,,No,10+ Days,,07/29/2027,,,,,,,,,,,
N301HC,IHC Health Services,05/23/2026,4227.10,3484,78 10-00-202,Engine 1,3901.70,3159.00,,,INSPECTION,,,,ENGINE EXHAUST - EMERGENCY FUEL SHUT OFF LEVER AND CALBE DETAILED INSPECTION,,,,,,,"DO AN INSPECTION THROUGH HOLE IN THE EXHAUST CONE FOR SECURITY OF CONTROL LEVER, SIGNS OF OIL LEAKS OR CARBON AT NO. 5 BEARING AREA, EXAMINE THE CABLE AND LINKAGES.",,,0,0.00,,,,1600.00,,,,,,25.00,,,,,,4330.70,,,,,,,,,,,,429.00,,,,,,,,No,10+ Days,,07/29/2027,,,,,,,,,,,
N301HC,IHC Health Services,05/23/2026,4227.10,3484,05 2000,Engine 1,3901.70,3159.00,,,INSPECTION,,,,NO. 1 ENGINE - 800 HOUR INSPECTION,,,,,,,800 HOUR RECURRING INTERVAL,01/31/2025,3573.80,,2896.00,,0,0,800.00,0,0.00,0.00,0,0,25.00,0,0.00,0.00,,,4373.80,,,,,,,,,,,,472.10,,,,,,,,No,10+ Days,,09/10/2027,,,,,,,,,,,
N301HC,IHC Health Services,05/23/2026,4227.10,3484,05 2000,Engine 2,3901.70,3159.00,,,INSPECTION,,,,NO. 2 ENGINE - 800 HOUR INSPECTION,,,,,,,800 HOUR RECURRING INTERVAL,01/31/2025,3573.80,,2896.00,,0,0,800.00,0,0.00,0.00,0,0,25.00,0,0.00,0.00,,,4373.80,,,,,,,,,,,,472.10,,,,,,,,No,10+ Days,,09/10/2027,,,,,,,,,,,